xji,yji,thetaji,vj,wj,trueXji,trueYji,trueThetaji
-0.11905,-2.03847,6.20539,0.3,0.05,-0.0448762,-2.04669,6.21669
-0.119465,-2.03843,6.20489,0.3,0.05,-0.0446926,-2.0482,6.2162
-0.120103,-2.03848,6.20439,0.3,0.05,-0.0443987,-2.04895,6.21597
-0.120934,-2.03858,6.20389,0.3,0.05,-0.0450086,-2.05043,6.21534
-0.122025,-2.03907,6.20339,0.3,0.05,-0.0447583,-2.0512,6.21539
-0.123033,-2.0395,6.20289,0.3,0.05,-0.0456874,-2.05271,6.21464
-0.124194,-2.04024,6.20239,0.3,0.05,-0.0469834,-2.05344,6.21376
-0.125706,-2.04028,6.20189,0.3,0.05,-0.0480264,-2.05498,6.21263
-0.127819,-2.0397,6.20139,0.3,0.05,-0.04833,-2.05572,6.21222
-0.13009,-2.0383,6.20089,0.3,0.05,-0.0489682,-2.05732,6.21181
-0.132623,-2.03668,6.20038,0.3,0.05,-0.0491836,-2.0581,6.21153
-0.135031,-2.03464,6.19988,0.3,0.05,-0.0490381,-2.0597,6.21114
-0.137424,-2.03283,6.19938,0.3,0.05,-0.0492054,-2.06047,6.21077
-0.139819,-2.03097,6.19887,0.3,0.05,-0.0364051,-2.06305,6.21323
-0.141915,-2.02957,6.19837,0.3,0.05,-0.050123,-2.06454,6.20957
-0.144249,-2.02906,6.19736,0.3,0.05,-0.0526615,-2.06692,6.20758
-0.14409,-2.03265,6.19636,0.3,0.05,-0.0537364,-2.06942,6.20658
-0.144036,-2.036,6.19536,0.3,0.05,-0.0540177,-2.07028,6.2064
-0.144213,-2.03799,6.19485,0.3,0.05,-0.0538971,-2.07196,6.20611
-0.144494,-2.03991,6.19435,0.3,0.05,-0.0537377,-2.07283,6.20579
-0.144753,-2.04181,6.19384,0.3,0.05,-0.0545855,-2.07452,6.20501
-0.144996,-2.04202,6.19334,0.3,0.05,-0.0548047,-2.07537,6.20469
-0.145631,-2.04154,6.19284,0.3,0.05,-0.0553052,-2.07713,6.20444
-0.146218,-2.04195,6.19233,0.3,0.05,-0.0555757,-2.07799,6.20417
-0.145492,-2.04463,6.19182,0.3,0.05,-0.0569696,-2.07971,6.20299
-0.145132,-2.04746,6.19133,0.3,0.05,-0.0590637,-2.0823,6.20134
-0.144914,-2.05184,6.19032,0.3,0.05,-0.0589219,-2.08503,6.20118
-0.144376,-2.05565,6.18932,0.3,0.05,-0.060211,-2.0877,6.19997
-0.144057,-2.05933,6.18832,0.3,0.05,-0.0610972,-2.09043,6.19931
-0.143913,-2.06288,6.18732,0.3,0.05,-0.0621511,-2.0932,6.19829
-0.144163,-2.06603,6.18632,0.3,0.05,-0.0483528,-2.09617,6.20047
-0.144297,-2.06792,6.1858,0.3,0.05,-0.0653193,-2.09687,6.19602
-0.144392,-2.06946,6.18532,0.3,0.05,-0.0653289,-2.09878,6.19607
-0.14525,-2.0713,6.18432,0.3,0.05,-0.0656997,-2.09971,6.19567
-0.146047,-2.0717,6.1838,0.3,0.05,-0.066429,-2.10161,6.19495
-0.147181,-2.07228,6.18331,0.3,0.05,-0.0667829,-2.10256,6.19461
-0.148811,-2.0724,6.18281,0.3,0.05,-0.067498,-2.10449,6.19397
-0.151192,-2.07125,6.18231,0.3,0.05,-0.0678759,-2.10544,6.19398
-0.151471,-2.07395,6.18181,0.3,0.05,-0.068656,-2.10737,6.19323
-0.151691,-2.07674,6.18131,0.3,0.05,-0.042852,-2.11063,6.19878
-0.152209,-2.07897,6.18081,0.3,0.05,-0.0718217,-2.11121,6.19109
-0.152948,-2.08092,6.1803,0.3,0.05,-0.0718684,-2.11324,6.19114
-0.153972,-2.0846,6.1793,0.3,0.05,-0.0718787,-2.11419,6.1909
-0.154647,-2.08715,6.1788,0.3,0.05,-0.0735937,-2.11716,6.18967
-0.156123,-2.08993,6.17829,0.3,0.05,-0.0613219,-2.12037,6.19201
-0.158111,-2.09355,6.1773,0.3,0.05,-0.0758058,-2.12225,6.18824
-0.16032,-2.09694,6.17631,0.3,0.05,-0.0762384,-2.12319,6.18793
-0.161631,-2.09931,6.17581,0.3,0.05,-0.0786668,-2.1262,6.18638
-0.162996,-2.10133,6.17531,0.3,0.05,-0.0792179,-2.12928,6.18609
-0.164846,-2.10407,6.17431,0.3,0.05,-0.0802627,-2.13137,6.18524
-0.16741,-2.1074,6.1733,0.3,0.05,-0.0817557,-2.13446,6.18421
-0.173315,-2.10468,6.17231,0.3,0.05,-0.0822491,-2.13549,6.18388
-0.178249,-2.10114,6.17181,0.3,0.05,-0.0833058,-2.13762,6.18342
-0.183399,-2.09728,6.17131,0.3,0.05,-0.084851,-2.14078,6.18232
-0.185966,-2.10032,6.17029,0.3,0.05,-0.0867548,-2.14395,6.18111
-0.188523,-2.10282,6.1693,0.3,0.05,-0.0869013,-2.14502,6.18099
-0.190175,-2.10459,6.1688,0.3,0.05,-0.0885069,-2.14712,6.18014
-0.191805,-2.1057,6.1683,0.3,0.05,-0.0620774,-2.1509,6.18591
-0.193705,-2.10663,6.16779,0.3,0.05,-0.0904248,-2.15146,6.17884
-0.195802,-2.10695,6.16728,0.3,0.05,-0.0919888,-2.1536,6.17822
-0.198053,-2.1095,6.16629,0.3,0.05,-0.0926007,-2.15471,6.17782
-0.19986,-2.11081,6.16579,0.3,0.05,-0.0937031,-2.15691,6.17722
-0.201279,-2.1129,6.16528,0.3,0.05,-0.0948106,-2.16023,6.17647
-0.203499,-2.11557,6.16429,0.3,0.05,-0.0961872,-2.16126,6.17576
-0.205017,-2.11659,6.16378,0.3,0.05,-0.0981588,-2.16458,6.1748
-0.20693,-2.11765,6.16328,0.3,0.05,-0.0995087,-2.16685,6.17409
-0.209653,-2.11877,6.16227,0.3,0.05,-0.100138,-2.16792,6.17376
-0.211446,-2.11816,6.16178,0.3,0.05,-0.0883826,-2.1716,6.17601
-0.213567,-2.11743,6.16127,0.3,0.05,-0.103387,-2.17359,6.17217
-0.216503,-2.11746,6.16027,0.3,0.05,-0.103629,-2.17703,6.17196
-0.219087,-2.11818,6.15925,0.3,0.05,-0.104628,-2.17813,6.17145
-0.221061,-2.1172,6.15876,0.3,0.05,-0.0939125,-2.18187,6.17332
-0.223631,-2.1164,6.15825,0.3,0.05,-0.109229,-2.18383,6.1693
-0.227225,-2.11685,6.15725,0.3,0.05,-0.109961,-2.18497,6.16895
-0.227675,-2.1213,6.15674,0.3,0.05,-0.111439,-2.18728,6.16822
-0.229934,-2.12253,6.15623,0.3,0.05,-0.0852144,-2.19143,6.17404
-0.232207,-2.12298,6.15572,0.3,0.05,-0.113864,-2.19189,6.16715
-0.234522,-2.12265,6.15522,0.3,0.05,-0.101175,-2.19579,6.17003
-0.234314,-2.12927,6.15422,0.3,0.05,-0.117085,-2.19774,6.16541
-0.234219,-2.13536,6.15321,0.3,0.05,-0.0918207,-2.20194,6.17126
-0.233813,-2.14048,6.15271,0.3,0.05,-0.120433,-2.2024,6.16426
-0.233694,-2.14474,6.15221,0.3,0.05,-0.12292,-2.20597,6.1631
-0.234696,-2.15004,6.1512,0.3,0.05,-0.124516,-2.20835,6.16246
-0.236007,-2.15495,6.1502,0.3,0.05,-0.124791,-2.20952,6.16236
-0.236331,-2.15784,6.1497,0.3,0.05,-0.124855,-2.21199,6.1624
-0.236935,-2.1598,6.1492,0.3,0.05,-0.127164,-2.21556,6.16123
-0.238922,-2.16335,6.1482,0.3,0.05,-0.102327,-2.21992,6.16663
-0.239986,-2.16535,6.1477,0.3,0.05,-0.117745,-2.22073,6.16279
-0.241248,-2.16662,6.1472,0.3,0.05,-0.105165,-2.22353,6.16551
-0.242556,-2.16788,6.14669,0.3,0.05,-0.120867,-2.22429,6.16159
-0.243849,-2.1692,6.1462,0.3,0.05,-0.136189,-2.22635,6.15738
-0.246236,-2.17207,6.14519,0.3,0.05,-0.13647,-2.22759,6.15752
-0.246026,-2.17667,6.1447,0.3,0.05,-0.136695,-2.23007,6.15756
-0.245855,-2.17985,6.1442,0.3,0.05,-0.137463,-2.23132,6.15729
-0.245513,-2.18346,6.1437,0.3,0.05,-0.126,-2.23541,6.15933
-0.245559,-2.1873,6.14319,0.3,0.05,-0.142835,-2.23736,6.15506
-0.246902,-2.19255,6.1422,0.3,0.05,-0.145825,-2.24102,6.15401
-0.248425,-2.19689,6.14121,0.3,0.05,-0.146778,-2.24219,6.15365
-0.248686,-2.19995,6.14071,0.3,0.05,-0.149007,-2.24593,6.15256
-0.248625,-2.20243,6.14021,0.3,0.05,-0.149403,-2.24854,6.15275
-0.24947,-2.20629,6.13921,0.3,0.05,-0.150209,-2.24973,6.1525
-0.249628,-2.20806,6.13872,0.3,0.05,-0.151913,-2.25223,6.15191
-0.247835,-2.21406,6.13822,0.3,0.05,-0.152841,-2.25349,6.15129
-0.247933,-2.21653,6.13773,0.3,0.05,-0.15529,-2.25595,6.15041
-0.246257,-2.22283,6.13723,0.3,0.05,-0.156757,-2.25715,6.15
-0.247148,-2.22472,6.13673,0.3,0.05,-0.159952,-2.26083,6.14896
-0.247581,-2.22756,6.13624,0.3,0.05,-0.16233,-2.26466,6.14782
-0.249202,-2.23212,6.13525,0.3,0.05,-0.163807,-2.26848,6.14775
-0.251307,-2.23617,6.13424,0.3,0.05,-0.166229,-2.27231,6.14671
-0.253446,-2.2401,6.13326,0.3,0.05,-0.169955,-2.27601,6.14551
-0.255648,-2.2442,6.13225,0.3,0.05,-0.172892,-2.27852,6.14462
-0.257873,-2.24835,6.13127,0.3,0.05,-0.174016,-2.27972,6.14428
-0.258882,-2.25084,6.13077,0.3,0.05,-0.176293,-2.28225,6.14321
-0.260286,-2.2528,6.13028,0.3,0.05,-0.176584,-2.28357,6.14316
-0.261312,-2.2556,6.12979,0.3,0.05,-0.177906,-2.28754,6.14309
-0.262463,-2.25856,6.12929,0.3,0.05,-0.180383,-2.29007,6.14245
-0.265619,-2.26314,6.1283,0.3,0.05,-0.181373,-2.29129,6.14201
-0.267572,-2.26576,6.12781,0.3,0.05,-0.184607,-2.29515,6.14079
-0.269102,-2.26959,6.1273,0.3,0.05,-0.187795,-2.29763,6.13993
-0.273869,-2.27233,6.12632,0.3,0.05,-0.18896,-2.29885,6.13961
-0.276734,-2.27379,6.12581,0.3,0.05,-0.191285,-2.30279,6.13864
-0.279503,-2.27505,6.12534,0.3,0.05,-0.192534,-2.30542,6.13843
-0.282786,-2.28083,6.12435,0.3,0.05,-0.193684,-2.30672,6.1383
-0.284458,-2.28452,6.12386,0.3,0.05,-0.195887,-2.30925,6.13776
-0.285665,-2.28787,6.12336,0.3,0.05,-0.196992,-2.31052,6.13742
-0.286982,-2.29083,6.12288,0.3,0.05,-0.199253,-2.3131,6.13647
-0.288361,-2.29328,6.12238,0.3,0.05,-0.200418,-2.31441,6.13611
-0.290007,-2.29627,6.12189,0.3,0.05,-0.204796,-2.31819,6.13499
-0.291659,-2.29874,6.1214,0.3,0.05,-0.207593,-2.32211,6.13402
-0.295201,-2.3023,6.12041,0.3,0.05,-0.209822,-2.32604,6.13353
-0.298854,-2.30587,6.11942,0.3,0.05,-0.212256,-2.32862,6.13311
-0.302662,-2.30875,6.11843,0.3,0.05,-0.215933,-2.33252,6.13182
-0.306702,-2.31123,6.11744,0.3,0.05,-0.21964,-2.33639,6.1308
-0.313344,-2.30816,6.11645,0.3,0.05,-0.220932,-2.33762,6.13064
-0.317072,-2.30568,6.11596,0.3,0.05,-0.223734,-2.34021,6.12975
-0.320912,-2.30287,6.11546,0.3,0.05,-0.224478,-2.34155,6.12947
-0.324244,-2.30114,6.11497,0.3,0.05,-0.212829,-2.34625,6.13218
-0.327765,-2.2997,6.11447,0.3,0.05,-0.229747,-2.34812,6.12841
-0.333315,-2.29978,6.11347,0.3,0.05,-0.231033,-2.34939,6.12813
-0.337302,-2.29746,6.11297,0.3,0.05,-0.23367,-2.35198,6.12713
-0.341157,-2.29537,6.11248,0.3,0.05,-0.234522,-2.35328,6.12689
-0.345051,-2.29322,6.11197,0.3,0.05,-0.237583,-2.35586,6.12609
-0.348581,-2.29015,6.11148,0.3,0.05,-0.238871,-2.3571,6.1258
-0.352143,-2.28701,6.11098,0.3,0.05,-0.241896,-2.3597,6.12519
-0.355532,-2.2843,6.11046,0.3,0.05,-0.242112,-2.36108,6.125
-0.358961,-2.28107,6.10997,0.3,0.05,-0.230059,-2.36589,6.12789
-0.359907,-2.28409,6.10947,0.3,0.05,-0.218452,-2.36923,6.13053
-0.361822,-2.28494,6.10896,0.3,0.05,-0.234663,-2.36973,6.12693
-0.363285,-2.28447,6.10846,0.3,0.05,-0.223058,-2.37304,6.12922
-0.364808,-2.28333,6.10796,0.3,0.05,-0.253298,-2.37283,6.12227
-0.365634,-2.28381,6.10746,0.3,0.05,-0.256053,-2.37538,6.12159
-0.368361,-2.28495,6.10645,0.3,0.05,-0.257428,-2.37666,6.12125
-0.36908,-2.28514,6.10595,0.3,0.05,-0.260118,-2.38069,6.12082
-0.369847,-2.28403,6.10543,0.3,0.05,-0.262154,-2.38335,6.1204
-0.371818,-2.28565,6.10443,0.3,0.05,-0.266549,-2.38716,6.11932
-0.373852,-2.28729,6.10343,0.3,0.05,-0.268021,-2.38842,6.11905
-0.3718,-2.29357,6.10292,0.3,0.05,-0.27251,-2.39226,6.11781
-0.370383,-2.29908,6.10241,0.3,0.05,-0.275535,-2.39487,6.11711
-0.369304,-2.31021,6.10141,0.3,0.05,-0.27694,-2.39611,6.11678
-0.366647,-2.31887,6.10091,0.3,0.05,-0.279712,-2.39871,6.11629
-0.363797,-2.32842,6.1004,0.3,0.05,-0.25338,-2.4045,6.12222
-0.360897,-2.33713,6.0999,0.3,0.05,-0.268586,-2.40503,6.1189
-0.357842,-2.34443,6.0994,0.3,0.05,-0.286607,-2.40662,6.11478
-0.358054,-2.35099,6.09841,0.3,0.05,-0.288168,-2.40787,6.11443
-0.355584,-2.3574,6.09791,0.3,0.05,-0.291379,-2.41042,6.11347
-0.353234,-2.36379,6.09742,0.3,0.05,-0.292997,-2.41172,6.11307
-0.351242,-2.36926,6.09692,0.3,0.05,-0.297709,-2.41554,6.11204
-0.349359,-2.37433,6.09643,0.3,0.05,-0.300519,-2.41806,6.11148
-0.349942,-2.38191,6.09543,0.3,0.05,-0.300128,-2.41966,6.11194
-0.3484,-2.38747,6.09494,0.3,0.05,-0.302353,-2.42231,6.11142
-0.346603,-2.39381,6.09445,0.3,0.05,-0.30414,-2.42349,6.11099
-0.344821,-2.40018,6.09395,0.3,0.05,-0.30744,-2.42607,6.11029
-0.34311,-2.40659,6.09346,0.3,0.05,-0.309042,-2.42728,6.10993
-0.341652,-2.4132,6.09296,0.3,0.05,-0.312031,-2.42987,6.10918
-0.340031,-2.4193,6.09248,0.3,0.05,-0.317463,-2.43357,6.10788
-0.340794,-2.4278,6.09149,0.3,0.05,-0.292745,-2.43942,6.11355
-0.33938,-2.43375,6.091,0.3,0.05,-0.322102,-2.43886,6.10728
-0.338307,-2.44004,6.09052,0.3,0.05,-0.324139,-2.44159,6.10686
-0.339955,-2.44857,6.08953,0.3,0.05,-0.325709,-2.44285,6.10658
-0.339262,-2.4546,6.08905,0.3,0.05,-0.32931,-2.44533,6.10581
-0.338551,-2.46009,6.08856,0.3,0.05,-0.334539,-2.44901,6.1046
-0.342938,-2.46344,6.08758,0.3,0.05,-0.336318,-2.45024,6.104
-0.344934,-2.46451,6.08709,0.3,0.05,-0.325342,-2.45535,6.10663
-0.347087,-2.46565,6.0866,0.3,0.05,-0.31706,-2.45855,6.10858
-0.349014,-2.46611,6.08611,0.3,0.05,-0.344794,-2.45802,6.10273
-0.350635,-2.46691,6.08563,0.3,0.05,-0.347055,-2.46068,6.10218
-0.354764,-2.46924,6.08464,0.3,0.05,-0.348681,-2.46192,6.10191
-0.356397,-2.46885,6.08416,0.3,0.05,-0.352078,-2.46438,6.1013
-0.358267,-2.46943,6.08367,0.3,0.05,-0.357751,-2.46806,6.10009
-0.362705,-2.47186,6.08268,0.3,0.05,-0.359563,-2.46923,6.09933
-0.364442,-2.47227,6.08219,0.3,0.05,-0.363381,-2.47171,6.09868
-0.366255,-2.47303,6.0817,0.3,0.05,-0.368559,-2.47543,6.0978
-0.370392,-2.47715,6.08071,0.3,0.05,-0.368534,-2.47691,6.09817
-0.371912,-2.47907,6.08022,0.3,0.05,-0.371003,-2.47948,6.09751
-0.373169,-2.48127,6.07973,0.3,0.05,-0.372742,-2.48074,6.0973
-0.374476,-2.4834,6.07924,0.3,0.05,-0.376253,-2.48321,6.09674
-0.375865,-2.48597,6.07875,0.3,0.05,-0.377967,-2.48443,6.09647
-0.377473,-2.48894,6.07826,0.3,0.05,-0.381951,-2.48681,6.09566
-0.379269,-2.49354,6.07777,0.3,0.05,-0.385851,-2.48917,6.09444
-0.380957,-2.49761,6.07725,0.3,0.05,-0.387799,-2.49035,6.09414
-0.381816,-2.50288,6.07679,0.3,0.05,-0.389724,-2.49154,6.0938
-0.383044,-2.50811,6.07629,0.3,0.05,-0.393254,-2.49399,6.09326
-0.384019,-2.51333,6.07582,0.3,0.05,-0.396052,-2.49802,6.0929
-0.388323,-2.52153,6.07483,0.3,0.05,-0.401494,-2.50169,6.09206
-0.392934,-2.53002,6.07384,0.3,0.05,-0.403259,-2.50284,6.09179
-0.396795,-2.53038,6.07336,0.3,0.05,-0.408538,-2.50499,6.09055
-0.40072,-2.53148,6.07286,0.3,0.05,-0.410736,-2.50616,6.0899
-0.404504,-2.53217,6.07239,0.3,0.05,-0.414901,-2.5085,6.08883
-0.408419,-2.53354,6.0719,0.3,0.05,-0.390691,-2.51475,6.09458
-0.414269,-2.52929,6.07141,0.3,0.05,-0.422632,-2.51318,6.08762
-0.41808,-2.53147,6.07093,0.3,0.05,-0.426562,-2.51559,6.08657
-0.425045,-2.53689,6.06994,0.3,0.05,-0.42843,-2.51677,6.08617
-0.428808,-2.53994,6.06946,0.3,0.05,-0.43223,-2.51916,6.08562
-0.43245,-2.54274,6.06897,0.3,0.05,-0.438356,-2.52264,6.08463
-0.43968,-2.54785,6.06797,0.3,0.05,-0.446667,-2.52572,6.08216
-0.446988,-2.55304,6.067,0.3,0.05,-0.448735,-2.52682,6.0818
-0.451194,-2.55531,6.06651,0.3,0.05,-0.440105,-2.53179,6.08414
-0.455601,-2.55704,6.06603,0.3,0.05,-0.458813,-2.53269,6.08005
-0.463155,-2.56114,6.06504,0.3,0.05,-0.464767,-2.53619,6.07887
-0.471025,-2.56542,6.06406,0.3,0.05,-0.466672,-2.53731,6.07862
-0.475608,-2.56758,6.06357,0.3,0.05,-0.470818,-2.53966,6.07803
-0.480222,-2.56967,6.06309,0.3,0.05,-0.472941,-2.54073,6.07765
-0.484707,-2.57174,6.0626,0.3,0.05,-0.479431,-2.54258,6.07556
-0.491018,-2.5691,6.06211,0.3,0.05,-0.486034,-2.54599,6.07447
-0.500239,-2.56901,6.06113,0.3,0.05,-0.48777,-2.54713,6.0743
-0.506187,-2.56696,6.06065,0.3,0.05,-0.492057,-2.54944,6.07356
-0.512175,-2.56526,6.06016,0.3,0.05,-0.494073,-2.55053,6.07289
-0.51818,-2.56341,6.05967,0.3,0.05,-0.48542,-2.5556,6.07517
-0.523599,-2.56351,6.05918,0.3,0.05,-0.504097,-2.55631,6.07144
-0.532248,-2.56495,6.05819,0.3,0.05,-0.480926,-2.56283,6.07651
-0.537695,-2.56406,6.05769,0.3,0.05,-0.498746,-2.5622,6.0725
-0.542927,-2.56312,6.05721,0.3,0.05,-0.519968,-2.56239,6.06786
-0.551429,-2.56426,6.05622,0.3,0.05,-0.526251,-2.5658,6.06704
-0.55992,-2.56491,6.05523,0.3,0.05,-0.502288,-2.57257,6.07224
-0.565145,-2.56409,6.05474,0.3,0.05,-0.534932,-2.5702,6.06527
-0.570343,-2.56328,6.05424,0.3,0.05,-0.539377,-2.57244,6.06501
-0.578751,-2.56449,6.05325,0.3,0.05,-0.541407,-2.57345,6.06476
-0.584248,-2.56488,6.05276,0.3,0.05,-0.54603,-2.57563,6.06402
-0.589454,-2.56528,6.05226,0.3,0.05,-0.548808,-2.57652,6.06341
-0.594313,-2.56555,6.05177,0.3,0.05,-0.55665,-2.57952,6.06229
-0.599163,-2.56589,6.05127,0.3,0.05,-0.561223,-2.58164,6.06169
-0.607483,-2.56766,6.05027,0.3,0.05,-0.567929,-2.58475,6.06062
-0.615347,-2.56934,6.04927,0.3,0.05,-0.570227,-2.58582,6.06025
-0.619818,-2.56991,6.04879,0.3,0.05,-0.562323,-2.59072,6.0629
-0.624512,-2.57019,6.04829,0.3,0.05,-0.550462,-2.59484,6.06582
-0.629206,-2.57059,6.04779,0.3,0.05,-0.568688,-2.59388,6.06199
-0.633462,-2.57216,6.0473,0.3,0.05,-0.590222,-2.59365,6.05726
-0.641247,-2.5751,6.04631,0.3,0.05,-0.592134,-2.59473,6.05715
-0.645762,-2.57651,6.04581,0.3,0.05,-0.596823,-2.59669,6.05681
-0.650203,-2.5767,6.04532,0.3,0.05,-0.603928,-2.59968,6.05572
-0.657907,-2.5786,6.04432,0.3,0.05,-0.606243,-2.60066,6.05536
-0.662611,-2.57938,6.04382,0.3,0.05,-0.610947,-2.60264,6.05479
-0.667315,-2.57995,6.04333,0.3,0.05,-0.613209,-2.60357,6.05475
-0.672194,-2.58041,6.04283,0.3,0.05,-0.620237,-2.60648,6.05378
-0.677138,-2.58038,6.04233,0.3,0.05,-0.62824,-2.6091,6.05233
-0.685231,-2.58125,6.04134,0.3,0.05,-0.636104,-2.61175,6.05149
-0.693317,-2.58226,6.04033,0.3,0.05,-0.643391,-2.61452,6.05037
-0.701283,-2.58308,6.03934,0.3,0.05,-0.64825,-2.61637,6.04964
-0.709903,-2.58392,6.03834,0.3,0.05,-0.624636,-2.62338,6.05572
-0.715081,-2.58327,6.03784,0.3,0.05,-0.642706,-2.62213,6.05198
-0.720422,-2.58289,6.03734,0.3,0.05,-0.631854,-2.62614,6.05469
-0.725762,-2.58235,6.03684,0.3,0.05,-0.649061,-2.62506,6.05122
-0.731126,-2.58199,6.03634,0.3,0.05,-0.671222,-2.62414,6.04672
-0.739928,-2.58191,6.03534,0.3,0.05,-0.678802,-2.62674,6.04579
-0.7483,-2.58472,6.03431,0.3,0.05,-0.681283,-2.62759,6.04543
-0.75275,-2.58624,6.03384,0.3,0.05,-0.673496,-2.63239,6.04766
-0.756905,-2.58668,6.03334,0.3,0.05,-0.693805,-2.63183,6.04405
-0.764877,-2.58824,6.03234,0.3,0.05,-0.700565,-2.63451,6.04326
-0.772705,-2.58987,6.03134,0.3,0.05,-0.676782,-2.64169,6.04908
-0.776986,-2.5903,6.03084,0.3,0.05,-0.69498,-2.64011,6.04551
-0.781492,-2.59042,6.03034,0.3,0.05,-0.71703,-2.63899,6.04092
-0.789607,-2.59148,6.02934,0.3,0.05,-0.724692,-2.6413,6.03983
-0.79773,-2.59293,6.02833,0.3,0.05,-0.732497,-2.64364,6.03908
-0.805743,-2.5942,6.02733,0.3,0.05,-0.734944,-2.64438,6.03865
-0.810352,-2.59324,6.02683,0.3,0.05,-0.739363,-2.64616,6.03827
-0.814963,-2.5922,6.02633,0.3,0.05,-0.741184,-2.64711,6.0382
-0.819713,-2.59008,6.02583,0.3,0.05,-0.733363,-2.65185,6.04055
-0.82476,-2.58847,6.02532,0.3,0.05,-0.723302,-2.65567,6.04329
-0.830164,-2.58669,6.02482,0.3,0.05,-0.74344,-2.65342,6.03893
-0.835487,-2.58396,6.02431,0.3,0.05,-0.732424,-2.65747,6.04172
-0.840515,-2.58287,6.02381,0.3,0.05,-0.750543,-2.65572,6.03801
-0.845665,-2.58192,6.0233,0.3,0.05,-0.771714,-2.65453,6.03389
-0.854281,-2.58141,6.0223,0.3,0.05,-0.77425,-2.6552,6.03378
-0.859372,-2.57958,6.02179,0.3,0.05,-0.778682,-2.65683,6.03341
-0.864365,-2.5782,6.02128,0.3,0.05,-0.785483,-2.65918,6.03277
-0.872908,-2.57763,6.02028,0.3,0.05,-0.788,-2.65987,6.03246
-0.877811,-2.57655,6.01977,0.3,0.05,-0.797866,-2.66131,6.03096
-0.882657,-2.57479,6.01926,0.3,0.05,-0.803338,-2.66257,6.03023
-0.890808,-2.57547,6.01825,0.3,0.05,-0.806031,-2.66319,6.02986
-0.895628,-2.57446,6.01774,0.3,0.05,-0.811399,-2.66442,6.02912
-0.899627,-2.57867,6.01723,0.3,0.05,-0.814139,-2.66505,6.02875
-0.903783,-2.58214,6.01673,0.3,0.05,-0.820413,-2.66739,6.02861
-0.908028,-2.58482,6.01622,0.3,0.05,-0.812802,-2.67203,6.031
-0.916024,-2.58755,6.01521,0.3,0.05,-0.802574,-2.67594,6.03358
-0.920521,-2.58884,6.01471,0.3,0.05,-0.820724,-2.67382,6.03018
-0.924692,-2.58926,6.0142,0.3,0.05,-0.843389,-2.67169,6.02552
-0.932362,-2.59212,6.01319,0.3,0.05,-0.82065,-2.67887,6.03109
-0.936674,-2.59447,6.01269,0.3,0.05,-0.838529,-2.67674,6.02744
-0.940945,-2.59731,6.01218,0.3,0.05,-0.858927,-2.67526,6.02391
-0.948728,-2.59999,6.01118,0.3,0.05,-0.834554,-2.68288,6.03001
-0.952613,-2.60168,6.01068,0.3,0.05,-0.85335,-2.68054,6.02627
-0.956622,-2.60357,6.01017,0.3,0.05,-0.873458,-2.67893,6.02237
-0.964354,-2.60588,6.00916,0.3,0.05,-0.883891,-2.67976,6.02087
-0.971853,-2.60767,6.00816,0.3,0.05,-0.886616,-2.6802,6.02052
-0.975882,-2.60918,6.00766,0.3,0.05,-0.892423,-2.68113,6.01976
-0.98001,-2.6106,6.00716,0.3,0.05,-0.895202,-2.68158,6.01938
-0.983446,-2.61824,6.00666,0.3,0.05,-0.89962,-2.68286,6.01901
-0.986843,-2.62451,6.00615,0.3,0.05,-0.901202,-2.68368,6.01919
-0.989975,-2.62945,6.00566,0.3,0.05,-0.907,-2.68458,6.01853
-0.993213,-2.63419,6.00516,0.3,0.05,-0.909533,-2.68505,6.01826
-0.996478,-2.63833,6.00465,0.3,0.05,-0.914854,-2.68602,6.01761
-1.00055,-2.63698,6.00415,0.3,0.05,-0.917615,-2.68648,6.01713
-1.0043,-2.63777,6.00366,0.3,0.05,-0.924053,-2.68704,6.01641
-1.00804,-2.6382,6.00316,0.3,0.05,-0.927667,-2.68715,6.01577
-1.0117,-2.63957,6.00266,0.3,0.05,-0.936295,-2.68828,6.01468
-1.0154,-2.641,6.00216,0.3,0.05,-0.940731,-2.68948,6.01418
-1.02302,-2.64233,6.00117,0.3,0.05,-0.942806,-2.6901,6.0143
-1.02663,-2.64225,6.00067,0.3,0.05,-0.950938,-2.69132,6.01353
-1.03021,-2.6437,6.00016,0.3,0.05,-0.956354,-2.69213,6.01292
-1.03778,-2.64592,5.99917,0.3,0.05,-0.964665,-2.69324,6.01195
-1.04557,-2.6478,5.99818,0.3,0.05,-0.967857,-2.69338,6.0115
-1.04935,-2.64914,5.99768,0.3,0.05,-0.974819,-2.69361,6.0104
-1.05307,-2.6516,5.99718,0.3,0.05,-0.977621,-2.69389,6.01005
-1.05636,-2.65315,5.99669,0.3,0.05,-0.982077,-2.69497,6.00956
-1.0599,-2.65448,5.99619,0.3,0.05,-0.984112,-2.69555,6.00947
-1.06345,-2.65577,5.99569,0.3,0.05,-0.992436,-2.69651,6.00886
-1.06701,-2.65636,5.9952,0.3,0.05,-0.984909,-2.7008,6.01114
-1.07468,-2.65726,5.9942,0.3,0.05,-1.00627,-2.69805,6.00705
-1.08263,-2.65832,5.99321,0.3,0.05,-1.01641,-2.69825,6.0058
-1.09029,-2.65849,5.99221,0.3,0.05,-1.0237,-2.69944,6.00503
-1.09791,-2.65792,5.99121,0.3,0.05,-1.03142,-2.7004,6.00452
-1.10573,-2.65733,5.99021,0.3,0.05,-1.03429,-2.70063,6.00422
-1.10949,-2.65729,5.98972,0.3,0.05,-1.02718,-2.7047,6.00654
-1.11323,-2.65672,5.98921,0.3,0.05,-1.04825,-2.70174,6.00242
-1.12066,-2.66019,5.98822,0.3,0.05,-1.05105,-2.70194,6.0021
-1.12367,-2.66321,5.98773,0.3,0.05,-1.0609,-2.70197,6.00096
-1.12702,-2.66566,5.98723,0.3,0.05,-1.05205,-2.70663,6.00361
-1.13467,-2.66873,5.98624,0.3,0.05,-1.07342,-2.70346,5.99967
-1.14235,-2.67151,5.98524,0.3,0.05,-1.07627,-2.70359,5.9996
-1.1459,-2.6731,5.98475,0.3,0.05,-1.0821,-2.70387,5.99901
-1.1494,-2.67505,5.98426,0.3,0.05,-1.08483,-2.704,5.99869
-1.15274,-2.67699,5.98376,0.3,0.05,-1.09064,-2.70427,5.99778
-1.15633,-2.67943,5.98327,0.3,0.05,-1.09337,-2.70439,5.99743
-1.16025,-2.68208,5.98278,0.3,0.05,-1.10211,-2.70465,5.99673
-1.16396,-2.6841,5.98229,0.3,0.05,-1.10872,-2.70564,5.99619
-1.17206,-2.68553,5.98129,0.3,0.05,-1.11494,-2.70565,5.99534
-1.18054,-2.68754,5.9803,0.3,0.05,-1.11791,-2.7057,5.99506
-1.18466,-2.68872,5.97981,0.3,0.05,-1.12367,-2.70579,5.99466
-1.18881,-2.68961,5.97931,0.3,0.05,-1.12653,-2.70583,5.99436
-1.19296,-2.69009,5.97883,0.3,0.05,-1.13244,-2.7059,5.99342
-1.1972,-2.69024,5.97833,0.3,0.05,-1.13529,-2.70594,5.99306
-1.20178,-2.69104,5.97785,0.3,0.05,-1.14367,-2.70602,5.99238
-1.20609,-2.69055,5.97736,0.3,0.05,-1.13572,-2.71036,5.99499
-1.2148,-2.68938,5.97637,0.3,0.05,-1.15716,-2.70654,5.99093
-1.22352,-2.68833,5.97538,0.3,0.05,-1.1599,-2.7065,5.99058
-1.22854,-2.68743,5.97488,0.3,0.05,-1.16592,-2.7064,5.99017
-1.23306,-2.68612,5.9744,0.3,0.05,-1.16874,-2.70635,5.98989
-1.23805,-2.6841,5.97389,0.3,0.05,-1.17464,-2.70623,5.98896
-1.24294,-2.68234,5.9734,0.3,0.05,-1.17714,-2.7063,5.98869
-1.24813,-2.68038,5.9729,0.3,0.05,-1.18618,-2.70603,5.98774
-1.25304,-2.67867,5.97243,0.3,0.05,-1.18995,-2.70676,5.98801
-1.26207,-2.67578,5.97143,0.3,0.05,-1.19937,-2.70619,5.98649
-1.27107,-2.67349,5.97044,0.3,0.05,-1.20232,-2.70606,5.9861
-1.27578,-2.67143,5.96994,0.3,0.05,-1.20832,-2.70578,5.98558
-1.28078,-2.66967,5.96945,0.3,0.05,-1.21118,-2.70563,5.98534
-1.28587,-2.6679,5.96894,0.3,0.05,-1.20503,-2.70907,5.98725
-1.29089,-2.66581,5.96846,0.3,0.05,-1.19411,-2.71311,5.99011
-1.29607,-2.66377,5.96796,0.3,0.05,-1.2288,-2.70477,5.98302
-1.30152,-2.66159,5.96747,0.3,0.05,-1.21985,-2.70935,5.98627
-1.3108,-2.65798,5.96647,0.3,0.05,-1.20947,-2.71332,5.98907
-1.31618,-2.6613,5.96597,0.3,0.05,-1.2442,-2.7047,5.98183
-1.32147,-2.66414,5.96548,0.3,0.05,-1.25015,-2.70424,5.9811
-1.33148,-2.66676,5.96448,0.3,0.05,-1.25314,-2.704,5.98097
-1.3372,-2.66494,5.96398,0.3,0.05,-1.25881,-2.70362,5.9801
-1.3429,-2.66316,5.96348,0.3,0.05,-1.26215,-2.70325,5.97966
-1.34851,-2.66115,5.963,0.3,0.05,-1.2682,-2.70276,5.97893
-1.35448,-2.65846,5.9625,0.3,0.05,-1.24506,-2.71061,5.98497
-1.36067,-2.65608,5.96201,0.3,0.05,-1.2766,-2.70327,5.97896
-1.36687,-2.65439,5.96151,0.3,0.05,-1.26948,-2.70683,5.9812
-1.37739,-2.65254,5.96052,0.3,0.05,-1.29215,-2.70153,5.97679
-1.38748,-2.65028,5.95952,0.3,0.05,-1.29468,-2.70133,5.97655
-1.39313,-2.64505,5.95902,0.3,0.05,-1.30426,-2.70016,5.97529
-1.39844,-2.63894,5.95853,0.3,0.05,-1.31029,-2.69948,5.97457
-1.40809,-2.63271,5.95753,0.3,0.05,-1.31611,-2.69984,5.97459
-1.41773,-2.62742,5.95653,0.3,0.05,-1.31879,-2.69971,5.97457
-1.42305,-2.62283,5.95602,0.3,0.05,-1.32451,-2.69911,5.97366
-1.42847,-2.62032,5.95552,0.3,0.05,-1.30182,-2.70685,5.97935
-1.43387,-2.61695,5.95502,0.3,0.05,-1.33655,-2.6974,5.97211
-1.43908,-2.61316,5.95452,0.3,0.05,-1.34309,-2.69639,5.9713
-1.44833,-2.60848,5.95351,0.3,0.05,-1.34612,-2.69595,5.97076
-1.45324,-2.60406,5.95301,0.3,0.05,-1.35512,-2.69468,5.96971
-1.45818,-2.59981,5.95251,0.3,0.05,-1.3585,-2.69513,5.96996
-1.46748,-2.59447,5.9515,0.3,0.05,-1.33577,-2.70304,5.97565
-1.47275,-2.58975,5.95099,0.3,0.05,-1.35353,-2.69844,5.97221
-1.4783,-2.59024,5.95049,0.3,0.05,-1.3756,-2.6928,5.96807
-1.48801,-2.58926,5.94948,0.3,0.05,-1.38484,-2.69117,5.96686
-1.49796,-2.58794,5.94847,0.3,0.05,-1.388,-2.69061,5.96633
-1.50385,-2.58688,5.94797,0.3,0.05,-1.38114,-2.69378,5.96869
-1.50994,-2.58637,5.94746,0.3,0.05,-1.4003,-2.68941,5.96558
-1.52001,-2.58409,5.94645,0.3,0.05,-1.40261,-2.68919,5.96544
-1.52612,-2.58307,5.94595,0.3,0.05,-1.40842,-2.68825,5.96468
-1.53213,-2.5784,5.94545,0.3,0.05,-1.41115,-2.6878,5.96442
-1.53847,-2.57651,5.94494,0.3,0.05,-1.41706,-2.68678,5.9638
-1.54471,-2.5742,5.94444,0.3,0.05,-1.42011,-2.68617,5.96342
-1.55087,-2.57155,5.94393,0.3,0.05,-1.41442,-2.6888,5.96511
-1.5566,-2.568,5.94342,0.3,0.05,-1.40374,-2.69267,5.96809
-1.56235,-2.56471,5.94292,0.3,0.05,-1.43864,-2.68233,5.96089
-1.56794,-2.55899,5.9424,0.3,0.05,-1.44188,-2.68256,5.9612
-1.57701,-2.55203,5.9414,0.3,0.05,-1.45014,-2.6811,5.96015
-1.58599,-2.54422,5.94039,0.3,0.05,-1.45872,-2.67941,5.95934
-1.59545,-2.54237,5.93938,0.3,0.05,-1.46161,-2.67881,5.95903
-1.60096,-2.54094,5.93887,0.3,0.05,-1.4709,-2.6766,5.95755
-1.60669,-2.54139,5.93836,0.3,0.05,-1.48017,-2.67444,5.95652
-1.61618,-2.53948,5.93735,0.3,0.05,-1.48332,-2.67459,5.95688
-1.62575,-2.53709,5.93634,0.3,0.05,-1.49165,-2.67281,5.95565
-1.63531,-2.53458,5.93533,0.3,0.05,-1.49449,-2.67217,5.95548
-1.64076,-2.53312,5.93482,0.3,0.05,-1.50023,-2.67086,5.95492
-1.6462,-2.53161,5.93431,0.3,0.05,-1.50299,-2.67021,5.95465
-1.65174,-2.53074,5.93381,0.3,0.05,-1.50894,-2.66877,5.95399
-1.65712,-2.52957,5.9333,0.3,0.05,-1.51226,-2.66781,5.95335
-1.66244,-2.52817,5.93278,0.3,0.05,-1.50627,-2.67037,5.95532
-1.66753,-2.52633,5.93228,0.3,0.05,-1.49555,-2.67423,5.95826
-1.67335,-2.52441,5.93177,0.3,0.05,-1.52695,-2.66494,5.95228
-1.67885,-2.52188,5.93127,0.3,0.05,-1.53275,-2.66345,5.95131
-1.68804,-2.51799,5.93026,0.3,0.05,-1.5356,-2.66272,5.95087
-1.69326,-2.5147,5.92975,0.3,0.05,-1.54136,-2.66122,5.95038
-1.69881,-2.51143,5.92924,0.3,0.05,-1.54419,-2.66048,5.95011
-1.70414,-2.50669,5.92873,0.3,0.05,-1.538,-2.66307,5.95232
-1.70952,-2.50247,5.92822,0.3,0.05,-1.55912,-2.65628,5.94789
-1.71816,-2.49577,5.92721,0.3,0.05,-1.56171,-2.65556,5.94776
-1.72308,-2.49109,5.9267,0.3,0.05,-1.56514,-2.65536,5.94807
-1.72786,-2.48597,5.92619,0.3,0.05,-1.56777,-2.65467,5.94785
-1.73282,-2.48097,5.92567,0.3,0.05,-1.57367,-2.65297,5.94701
-1.73781,-2.47587,5.92515,0.3,0.05,-1.57644,-2.65217,5.94643
-1.74266,-2.47002,5.92465,0.3,0.05,-1.58504,-2.64966,5.9456
-1.74745,-2.46361,5.92413,0.3,0.05,-1.59087,-2.64793,5.94502
-1.75708,-2.46162,5.92311,0.3,0.05,-1.59961,-2.64525,5.94354
-1.76605,-2.4584,5.92211,0.3,0.05,-1.6058,-2.64399,5.94356
-1.77496,-2.45396,5.92107,0.3,0.05,-1.58329,-2.652,5.94931
-1.77942,-2.4505,5.92058,0.3,0.05,-1.6172,-2.64038,5.9419
-1.78416,-2.44733,5.92006,0.3,0.05,-1.62306,-2.63849,5.94118
-1.79178,-2.44122,5.91905,0.3,0.05,-1.60105,-2.64634,5.94697
-1.79597,-2.4372,5.91854,0.3,0.05,-1.61874,-2.64027,5.94348
-1.80011,-2.43313,5.91802,0.3,0.05,-1.64023,-2.63283,5.93899
-1.80747,-2.42624,5.917,0.3,0.05,-1.64287,-2.632,5.93869
-1.81128,-2.42116,5.91649,0.3,0.05,-1.65012,-2.62984,5.93831
-1.81518,-2.41663,5.91597,0.3,0.05,-1.65603,-2.62776,5.93764
-1.82198,-2.40944,5.91495,0.3,0.05,-1.65891,-2.62673,5.93693
-1.82658,-2.41002,5.91443,0.3,0.05,-1.6646,-2.62471,5.93614
-1.83018,-2.40885,5.91392,0.3,0.05,-1.66753,-2.62367,5.93581
-1.83515,-2.41379,5.9134,0.3,0.05,-1.67327,-2.62161,5.93529
-1.84003,-2.41825,5.91288,0.3,0.05,-1.67609,-2.62059,5.935
-1.84484,-2.42184,5.91237,0.3,0.05,-1.68176,-2.61852,5.93391
-1.84952,-2.42453,5.91186,0.3,0.05,-1.68462,-2.61746,5.93353
-1.85437,-2.42744,5.91133,0.3,0.05,-1.69215,-2.61411,5.93212
-1.85884,-2.42969,5.91083,0.3,0.05,-1.6953,-2.61284,5.93175
-1.86284,-2.43113,5.91032,0.3,0.05,-1.70407,-2.60948,5.9305
-1.86622,-2.43221,5.90981,0.3,0.05,-1.71268,-2.60616,5.9292
-1.87242,-2.4301,5.90879,0.3,0.05,-1.71841,-2.60394,5.92864
-1.8785,-2.42756,5.90779,0.3,0.05,-1.72113,-2.60288,5.92836
-1.88069,-2.42622,5.90728,0.3,0.05,-1.72688,-2.60063,5.92732
-1.88264,-2.42393,5.90677,0.3,0.05,-1.72964,-2.59955,5.92696
-1.88572,-2.42748,5.90627,0.3,0.05,-1.73512,-2.59738,5.92626
-1.88942,-2.43091,5.90572,0.3,0.05,-1.7457,-2.59251,5.9246
-1.89638,-2.43272,5.90475,0.3,0.05,-1.75424,-2.58897,5.9231
-1.90336,-2.43381,5.90375,0.3,0.05,-1.75706,-2.5878,5.92271
-1.9065,-2.43659,5.90324,0.3,0.05,-1.76556,-2.58423,5.92178
-1.90916,-2.43877,5.90274,0.3,0.05,-1.77127,-2.58183,5.92085
-1.91531,-2.43811,5.90175,0.3,0.05,-1.77389,-2.58074,5.92042
-1.91869,-2.4399,5.90125,0.3,0.05,-1.77903,-2.57868,5.91989
-1.92215,-2.44152,5.90075,0.3,0.05,-1.78941,-2.57359,5.91815
-1.92956,-2.44088,5.89975,0.3,0.05,-1.79795,-2.56979,5.91668
-1.93624,-2.43889,5.89875,0.3,0.05,-1.80651,-2.56596,5.91552
-1.94289,-2.43613,5.89776,0.3,0.05,-1.8093,-2.5647,5.91526
-1.94595,-2.43582,5.89726,0.3,0.05,-1.8149,-2.56217,5.91448
-1.94929,-2.43548,5.89677,0.3,0.05,-1.81713,-2.56115,5.91401
-1.95272,-2.4354,5.89627,0.3,0.05,-1.82235,-2.55897,5.91347
-1.95627,-2.43528,5.89578,0.3,0.05,-1.82498,-2.55778,5.91314
-1.96014,-2.43624,5.89528,0.3,0.05,-1.8314,-2.55456,5.91218
-1.96321,-2.436,5.89479,0.3,0.05,-1.81041,-2.56203,5.91702
-1.96685,-2.43594,5.89429,0.3,0.05,-1.84388,-2.54832,5.90987
-1.97031,-2.43499,5.8938,0.3,0.05,-1.8522,-2.54432,5.90873
-1.97743,-2.4317,5.89281,0.3,0.05,-1.84561,-2.5464,5.91067
-1.98393,-2.42723,5.89182,0.3,0.05,-1.86515,-2.53825,5.907
-1.99049,-2.42303,5.89082,0.3,0.05,-1.8678,-2.53699,5.90668
-1.99336,-2.42078,5.89033,0.3,0.05,-1.87304,-2.53444,5.90604
-1.99612,-2.41855,5.88984,0.3,0.05,-1.87631,-2.53265,5.90554
-1.99878,-2.41599,5.88934,0.3,0.05,-1.88612,-2.52732,5.90347
-2.00155,-2.41361,5.88885,0.3,0.05,-1.89447,-2.52303,5.9023
-2.00815,-2.40895,5.88785,0.3,0.05,-1.90007,-2.52015,5.90161
-2.01418,-2.4038,5.88686,0.3,0.05,-1.90226,-2.519,5.90107
-2.01645,-2.40077,5.88637,0.3,0.05,-1.9073,-2.51663,5.90056
-2.01842,-2.39737,5.88588,0.3,0.05,-1.91491,-2.51274,5.89964
-2.02377,-2.39108,5.88488,0.3,0.05,-1.91759,-2.51133,5.8993
-2.02622,-2.38898,5.88438,0.3,0.05,-1.92766,-2.50545,5.89703
-2.02882,-2.38662,5.88389,0.3,0.05,-1.93331,-2.50238,5.89624
-2.03516,-2.38191,5.88289,0.3,0.05,-1.93558,-2.50109,5.89595
-2.03799,-2.37922,5.8824,0.3,0.05,-1.9415,-2.49791,5.89508
-2.0406,-2.37588,5.8819,0.3,0.05,-1.94402,-2.49654,5.89459
-2.04324,-2.37245,5.8814,0.3,0.05,-1.95109,-2.49289,5.89378
-2.04526,-2.36836,5.88091,0.3,0.05,-1.95859,-2.4888,5.89287
-2.05114,-2.36193,5.87991,0.3,0.05,-1.9681,-2.48308,5.89096
-2.05698,-2.35515,5.87892,0.3,0.05,-1.96181,-2.48461,5.89299
-2.06274,-2.34833,5.87792,0.3,0.05,-1.95195,-2.4882,5.89566
-2.06532,-2.34373,5.87742,0.3,0.05,-1.96995,-2.47992,5.89207
-2.06742,-2.33847,5.87692,0.3,0.05,-1.98899,-2.47109,5.8886
-2.07282,-2.33084,5.87592,0.3,0.05,-1.99148,-2.46964,5.8883
-2.07518,-2.32569,5.87542,0.3,0.05,-1.98343,-2.47219,5.89086
-2.07883,-2.32467,5.87491,0.3,0.05,-2.00394,-2.46235,5.88698
-2.08571,-2.32072,5.87391,0.3,0.05,-2.0067,-2.46066,5.88671
-2.08873,-2.31851,5.87341,0.3,0.05,-2.01597,-2.45448,5.88498
-2.09223,-2.31616,5.87291,0.3,0.05,-2.02415,-2.44947,5.8838
-2.09855,-2.31077,5.87191,0.3,0.05,-2.0308,-2.44551,5.8835
-2.10411,-2.30448,5.87091,0.3,0.05,-2.03574,-2.44242,5.8829
-2.1097,-2.29847,5.86991,0.3,0.05,-2.03823,-2.44085,5.88259
-2.11208,-2.29472,5.8694,0.3,0.05,-2.04314,-2.43774,5.88195
-2.11558,-2.29588,5.8689,0.3,0.05,-2.05153,-2.43212,5.88088
-2.12212,-2.29425,5.8679,0.3,0.05,-2.05514,-2.42953,5.8801
-2.12554,-2.29485,5.86739,0.3,0.05,-2.06027,-2.42613,5.87936
-2.12869,-2.29572,5.8669,0.3,0.05,-2.06268,-2.42454,5.87903
-2.1321,-2.29668,5.8664,0.3,0.05,-2.06919,-2.42036,5.87873
-2.13546,-2.2974,5.8659,0.3,0.05,-2.07406,-2.4171,5.87813
-2.14247,-2.29666,5.86491,0.3,0.05,-2.08124,-2.41223,5.87719
-2.14953,-2.29585,5.86391,0.3,0.05,-2.08355,-2.41066,5.87684
-2.15325,-2.29763,5.86342,0.3,0.05,-2.09163,-2.40493,5.87588
-2.1566,-2.29961,5.86293,0.3,0.05,-2.09779,-2.40036,5.87469
-2.16289,-2.29848,5.86194,0.3,0.05,-2.10012,-2.39873,5.87438
-2.16604,-2.2998,5.86145,0.3,0.05,-2.0919,-2.40135,5.87728
-2.16915,-2.30093,5.86095,0.3,0.05,-2.0818,-2.405,5.88005
-2.17211,-2.30152,5.86047,0.3,0.05,-2.09906,-2.39623,5.87636
-2.17509,-2.30225,5.85998,0.3,0.05,-2.11777,-2.3861,5.87254
-2.18138,-2.30028,5.85899,0.3,0.05,-2.12046,-2.38425,5.87203
-2.18399,-2.30003,5.8585,0.3,0.05,-2.12769,-2.37893,5.87138
-2.18627,-2.29934,5.85801,0.3,0.05,-2.13403,-2.37391,5.87006
-2.19219,-2.29612,5.85703,0.3,0.05,-2.1363,-2.3722,5.86977
-2.19516,-2.29585,5.85654,0.3,0.05,-2.14221,-2.36784,5.86909
-2.19758,-2.29497,5.85606,0.3,0.05,-2.147,-2.36419,5.86873
-2.20305,-2.2908,5.85507,0.3,0.05,-2.12435,-2.37333,5.87459
-2.20541,-2.28974,5.85459,0.3,0.05,-2.14187,-2.36413,5.87068
-2.20759,-2.28828,5.8541,0.3,0.05,-2.16073,-2.35354,5.86675
-2.21267,-2.28377,5.85312,0.3,0.05,-2.1631,-2.35168,5.8667
-2.21433,-2.28172,5.85263,0.3,0.05,-2.16795,-2.34778,5.86599
-2.2156,-2.27932,5.85215,0.3,0.05,-2.14691,-2.35581,5.87113
-2.21722,-2.27685,5.85166,0.3,0.05,-2.17654,-2.34083,5.86468
-2.21903,-2.27452,5.85118,0.3,0.05,-2.16919,-2.34236,5.86731
-2.22471,-2.27006,5.85019,0.3,0.05,-2.15902,-2.34599,5.87009
-2.22766,-2.26849,5.84971,0.3,0.05,-2.18981,-2.32981,5.86313
-2.2306,-2.26689,5.84922,0.3,0.05,-2.18271,-2.33122,5.86531
-2.23659,-2.26216,5.84823,0.3,0.05,-2.2014,-2.32026,5.86164
-2.24234,-2.25682,5.84725,0.3,0.05,-2.20806,-2.31448,5.86053
-2.24855,-2.25157,5.84627,0.3,0.05,-2.2102,-2.31263,5.86016
-2.2513,-2.24916,5.84578,0.3,0.05,-2.21693,-2.3068,5.85941
-2.25408,-2.2467,5.8453,0.3,0.05,-2.22143,-2.30285,5.8588
-2.26054,-2.24152,5.8443,0.3,0.05,-2.19877,-2.3121,5.86442
-2.26322,-2.2388,5.84383,0.3,0.05,-2.21634,-2.30232,5.86048
-2.26646,-2.23614,5.84335,0.3,0.05,-2.23396,-2.29158,5.8571
-2.27297,-2.2311,5.84236,0.3,0.05,-2.23998,-2.28626,5.85636
-2.27829,-2.2247,5.84138,0.3,0.05,-2.24712,-2.27963,5.85486
-2.28323,-2.21753,5.84039,0.3,0.05,-2.24886,-2.27785,5.85484
-2.28492,-2.21288,5.8399,0.3,0.05,-2.25363,-2.27358,5.8542
-2.2864,-2.20815,5.83942,0.3,0.05,-2.25995,-2.26764,5.85305
-2.29088,-2.2005,5.83844,0.3,0.05,-2.26622,-2.26172,5.85229
-2.29469,-2.19207,5.83745,0.3,0.05,-2.2704,-2.25772,5.85231
-2.29843,-2.18393,5.83646,0.3,0.05,-2.27785,-2.25037,5.85053
-2.30418,-2.18067,5.83546,0.3,0.05,-2.27988,-2.24838,5.85017
-2.30691,-2.18027,5.83498,0.3,0.05,-2.28418,-2.24413,5.8498
-2.31054,-2.1803,5.83449,0.3,0.05,-2.28618,-2.24214,5.84951
-2.31431,-2.18021,5.83401,0.3,0.05,-2.29034,-2.23798,5.84866
-2.31779,-2.17947,5.83351,0.3,0.05,-2.29237,-2.23595,5.84829
-2.32117,-2.17891,5.83303,0.3,0.05,-2.29642,-2.23187,5.8476
-2.3242,-2.17801,5.83255,0.3,0.05,-2.27355,-2.24164,5.85394
-2.32733,-2.17675,5.83206,0.3,0.05,-2.28832,-2.23345,5.85076
-2.33066,-2.1755,5.83158,0.3,0.05,-2.30726,-2.22063,5.84628
-2.33704,-2.17119,5.83059,0.3,0.05,-2.30926,-2.21854,5.84589
-2.34025,-2.16902,5.83011,0.3,0.05,-2.31495,-2.21236,5.84528
-2.34363,-2.16718,5.82963,0.3,0.05,-2.31943,-2.20784,5.84433
-2.34989,-2.16235,5.82863,0.3,0.05,-2.32134,-2.2058,5.84396
-2.35274,-2.16038,5.82816,0.3,0.05,-2.32526,-2.20159,5.84323
-2.3556,-2.15824,5.82768,0.3,0.05,-2.32617,-2.20036,5.84329
-2.35846,-2.15606,5.82719,0.3,0.05,-2.3169,-2.20321,5.84646
-2.36158,-2.15447,5.82671,0.3,0.05,-2.33454,-2.19135,5.84244
-2.36758,-2.14977,5.82572,0.3,0.05,-2.33721,-2.18839,5.84171
-2.37046,-2.14761,5.82524,0.3,0.05,-2.34121,-2.18394,5.84096
-2.37368,-2.14569,5.82475,0.3,0.05,-2.34705,-2.1774,5.84003
-2.38002,-2.14144,5.82377,0.3,0.05,-2.34902,-2.17518,5.83966
-2.38331,-2.14015,5.8233,0.3,0.05,-2.35271,-2.17097,5.83895
-2.38689,-2.13931,5.82282,0.3,0.05,-2.35604,-2.16695,5.83925
-2.39318,-2.135,5.82183,0.3,0.05,-2.3578,-2.1649,5.83895
-2.39687,-2.13449,5.82136,0.3,0.05,-2.36134,-2.16077,5.8382
-2.40093,-2.13364,5.82088,0.3,0.05,-2.36281,-2.15879,5.83793
-2.40501,-2.13315,5.82041,0.3,0.05,-2.36774,-2.15324,5.83669
-2.40698,-2.12735,5.81993,0.3,0.05,-2.36957,-2.15108,5.83641
-2.40928,-2.12204,5.81944,0.3,0.05,-2.37339,-2.14654,5.83579
-2.41156,-2.11683,5.81897,0.3,0.05,-2.37893,-2.13988,5.83466
-2.41762,-2.1096,5.81799,0.3,0.05,-2.35618,-2.14988,5.84071
-2.41999,-2.10342,5.81751,0.3,0.05,-2.38367,-2.13376,5.83465
-2.42289,-2.0985,5.81703,0.3,0.05,-2.38702,-2.1296,5.83391
-2.4285,-2.09032,5.81605,0.3,0.05,-2.36498,-2.13883,5.83949
-2.43112,-2.08519,5.81557,0.3,0.05,-2.39435,-2.12018,5.83224
-2.4339,-2.08026,5.81509,0.3,0.05,-2.39844,-2.11532,5.83156
-2.43911,-2.07197,5.81411,0.3,0.05,-2.40374,-2.10856,5.83035
-2.4442,-2.06359,5.81312,0.3,0.05,-2.40657,-2.10447,5.83033
-2.44874,-2.0548,5.81214,0.3,0.05,-2.38412,-2.11399,5.83606
-2.45098,-2.04923,5.81166,0.3,0.05,-2.41298,-2.09602,5.82915
-2.45379,-2.04485,5.81117,0.3,0.05,-2.40405,-2.0976,5.83154
-2.45724,-2.03353,5.81017,0.3,0.05,-2.42209,-2.08395,5.82724
-2.45976,-2.02182,5.8092,0.3,0.05,-2.42378,-2.08169,5.8267
-2.45966,-2.01263,5.80869,0.3,0.05,-2.42719,-2.07706,5.82598
-2.46147,-2.00733,5.80821,0.3,0.05,-2.42794,-2.07584,5.82603
-2.46287,-2.00117,5.80772,0.3,0.05,-2.41802,-2.07866,5.82894
-2.4658,-1.99894,5.80723,0.3,0.05,-2.40739,-2.08245,5.83171
-2.46833,-1.99601,5.80674,0.3,0.05,-2.43595,-2.06432,5.8248
-2.47112,-1.99358,5.80625,0.3,0.05,-2.42725,-2.06572,5.82713
-2.47588,-1.98754,5.80526,0.3,0.05,-2.44441,-2.05241,5.8228
-2.48074,-1.98174,5.80427,0.3,0.05,-2.44603,-2.05012,5.82245
-2.48327,-1.97885,5.80378,0.3,0.05,-2.44889,-2.04566,5.82185
-2.48615,-1.97599,5.80329,0.3,0.05,-2.44955,-2.04444,5.82194
-2.48825,-1.97263,5.8028,0.3,0.05,-2.45314,-2.03908,5.82146
-2.48991,-1.96892,5.80231,0.3,0.05,-2.44473,-2.04027,5.8237
-2.49327,-1.9613,5.80132,0.3,0.05,-2.46052,-2.02803,5.81993
-2.4966,-1.95389,5.80033,0.3,0.05,-2.46191,-2.02591,5.81963
-2.49882,-1.95009,5.79983,0.3,0.05,-2.46658,-2.01858,5.81821
-2.50147,-1.94633,5.79934,0.3,0.05,-2.47048,-2.01263,5.81771
-2.50619,-1.93922,5.79835,0.3,0.05,-2.47359,-2.00727,5.8173
-2.511,-1.93236,5.79736,0.3,0.05,-2.47643,-2.00278,5.81637
-2.51571,-1.9254,5.79637,0.3,0.05,-2.47783,-2.00057,5.81632
-2.51791,-1.92171,5.79588,0.3,0.05,-2.4806,-1.99611,5.81571
-2.52006,-1.91797,5.79538,0.3,0.05,-2.48195,-1.99392,5.81542
-2.52279,-1.91434,5.79489,0.3,0.05,-2.48474,-1.98939,5.81476
-2.52552,-1.91061,5.79439,0.3,0.05,-2.48615,-1.98709,5.81431
-2.52824,-1.90698,5.79391,0.3,0.05,-2.48934,-1.98204,5.81347
-2.52901,-1.89962,5.79342,0.3,0.05,-2.46555,-1.99309,5.81974
-2.53118,-1.89459,5.79291,0.3,0.05,-2.49285,-1.97527,5.81314
-2.53314,-1.88951,5.79243,0.3,0.05,-2.49551,-1.97078,5.81224
-2.53682,-1.88126,5.79144,0.3,0.05,-2.49683,-1.96854,5.81184
-2.5387,-1.8762,5.79094,0.3,0.05,-2.50069,-1.96193,5.8111
-2.54169,-1.87318,5.79045,0.3,0.05,-2.50466,-1.95503,5.8101
-2.54634,-1.86678,5.78944,0.3,0.05,-2.49571,-1.95624,5.81218
-2.55112,-1.8609,5.78846,0.3,0.05,-2.50921,-1.94595,5.8093
-2.55479,-1.85446,5.78747,0.3,0.05,-2.513,-1.93913,5.8082
-2.55812,-1.84748,5.78646,0.3,0.05,-2.5143,-1.93679,5.80761
-2.55926,-1.84357,5.78598,0.3,0.05,-2.51682,-1.9322,5.80714
-2.55993,-1.8391,5.78549,0.3,0.05,-2.49424,-1.94214,5.81292
-2.56057,-1.83463,5.78499,0.3,0.05,-2.52166,-1.92324,5.80594
-2.56173,-1.83024,5.7845,0.3,0.05,-2.52388,-1.91822,5.80537
-2.56387,-1.82192,5.7835,0.3,0.05,-2.52558,-1.91451,5.80521
-2.56614,-1.81398,5.78251,0.3,0.05,-2.52675,-1.91227,5.8049
-2.56681,-1.80927,5.78201,0.3,0.05,-2.52922,-1.90752,5.80418
-2.56842,-1.80639,5.78151,0.3,0.05,-2.53281,-1.90059,5.8029
-2.57131,-1.8,5.78052,0.3,0.05,-2.53358,-1.89857,5.80276
-2.57255,-1.79685,5.78002,0.3,0.05,-2.53702,-1.89175,5.80186
-2.57358,-1.79338,5.77953,0.3,0.05,-2.53946,-1.88725,5.80083
-2.57627,-1.78705,5.77853,0.3,0.05,-2.54083,-1.88299,5.80102
-2.57893,-1.78065,5.77752,0.3,0.05,-2.54195,-1.88066,5.80073
-2.58232,-1.7811,5.77703,0.3,0.05,-2.54539,-1.87362,5.79939
-2.58504,-1.78114,5.77654,0.3,0.05,-2.5476,-1.86902,5.79859
-2.58835,-1.77712,5.77555,0.3,0.05,-2.54874,-1.86666,5.7984
-2.5903,-1.77611,5.77506,0.3,0.05,-2.55093,-1.86203,5.79781
-2.59186,-1.77465,5.77456,0.3,0.05,-2.52831,-1.87219,5.80317
-2.59291,-1.77232,5.77407,0.3,0.05,-2.55358,-1.85503,5.79693
-2.59414,-1.77019,5.77357,0.3,0.05,-2.55581,-1.8494,5.79659
-2.5967,-1.76496,5.77258,0.3,0.05,-2.55791,-1.84475,5.79597
-2.59973,-1.7597,5.77159,0.3,0.05,-2.5611,-1.83769,5.79447
-2.60254,-1.75412,5.7706,0.3,0.05,-2.56421,-1.83072,5.79361
-2.60472,-1.74822,5.76961,0.3,0.05,-2.56696,-1.82417,5.79246
-2.60659,-1.74211,5.76862,0.3,0.05,-2.54294,-1.83625,5.79875
-2.60819,-1.73987,5.76813,0.3,0.05,-2.56846,-1.8183,5.79245
-2.60952,-1.73735,5.76763,0.3,0.05,-2.5715,-1.81114,5.79136
-2.6124,-1.73204,5.76664,0.3,0.05,-2.57444,-1.80414,5.7899
-2.61514,-1.72655,5.76565,0.3,0.05,-2.57641,-1.79937,5.78934
-2.61721,-1.72072,5.76466,0.3,0.05,-2.57893,-1.79289,5.78831
-2.61794,-1.71452,5.76367,0.3,0.05,-2.5785,-1.79247,5.78853
-2.61757,-1.71177,5.76318,0.3,0.05,-2.58024,-1.78694,5.78798
-2.61799,-1.70918,5.76269,0.3,0.05,-2.58186,-1.7826,5.78759
-2.61955,-1.70314,5.7617,0.3,0.05,-2.58472,-1.77538,5.78608
-2.62078,-1.69645,5.76071,0.3,0.05,-2.5874,-1.76841,5.78494
-2.62212,-1.69005,5.75972,0.3,0.05,-2.56478,-1.7788,5.79073
-2.62256,-1.68694,5.75922,0.3,0.05,-2.57845,-1.76777,5.7867
-2.62299,-1.68377,5.75873,0.3,0.05,-2.59181,-1.75537,5.78294
-2.62472,-1.67747,5.75774,0.3,0.05,-2.5929,-1.75301,5.78253
-2.62569,-1.67419,5.75725,0.3,0.05,-2.57226,-1.75836,5.78713
-2.62642,-1.67037,5.75673,0.3,0.05,-2.58685,-1.74569,5.78272
-2.62783,-1.66374,5.75577,0.3,0.05,-2.57577,-1.74987,5.78535
-2.62942,-1.66085,5.75527,0.3,0.05,-2.58939,-1.73866,5.78158
-2.63126,-1.65833,5.75478,0.3,0.05,-2.6033,-1.72544,5.77768
-2.63325,-1.65215,5.75379,0.3,0.05,-2.60384,-1.72358,5.77712
-2.63389,-1.64866,5.7533,0.3,0.05,-2.60587,-1.71717,5.77615
-2.63433,-1.6449,5.7528,0.3,0.05,-2.60722,-1.71283,5.77559
-2.6355,-1.63777,5.75181,0.3,0.05,-2.60793,-1.71064,5.77537
-2.63567,-1.63368,5.75132,0.3,0.05,-2.61161,-1.70149,5.77304
-2.6355,-1.62948,5.75082,0.3,0.05,-2.61389,-1.69457,5.77183
-2.63583,-1.62228,5.74983,0.3,0.05,-2.61577,-1.6882,5.77076
-2.63672,-1.61601,5.74884,0.3,0.05,-2.61706,-1.68384,5.77002
-2.6375,-1.60968,5.74784,0.3,0.05,-2.59465,-1.69465,5.7756
-2.63738,-1.6063,5.74735,0.3,0.05,-2.60732,-1.6841,5.77214
-2.63689,-1.60224,5.74685,0.3,0.05,-2.59575,-1.68882,5.7747
-2.63918,-1.60205,5.74636,0.3,0.05,-2.62246,-1.66705,5.76685
-2.64145,-1.60181,5.74586,0.3,0.05,-2.62417,-1.66192,5.76585
-2.64385,-1.59813,5.74487,0.3,0.05,-2.62485,-1.65965,5.76545
-2.64488,-1.5971,5.74437,0.3,0.05,-2.62609,-1.65529,5.76485
-2.64592,-1.59619,5.74388,0.3,0.05,-2.62646,-1.6535,5.7645
-2.64686,-1.59502,5.74339,0.3,0.05,-2.62761,-1.64923,5.76363
-2.64881,-1.5953,5.7429,0.3,0.05,-2.62779,-1.64737,5.76341
-2.65027,-1.59516,5.74241,0.3,0.05,-2.62971,-1.64092,5.76236
-2.65129,-1.59494,5.74192,0.3,0.05,-2.63083,-1.63667,5.7614
-2.65241,-1.59132,5.74093,0.3,0.05,-2.60827,-1.64765,5.76697
-2.6532,-1.59079,5.74044,0.3,0.05,-2.63459,-1.6255,5.75898
-2.65361,-1.59015,5.73995,0.3,0.05,-2.62462,-1.62757,5.76119
-2.6545,-1.58622,5.73896,0.3,0.05,-2.61245,-1.63306,5.76389
-2.65471,-1.5854,5.73848,0.3,0.05,-2.6256,-1.62184,5.76007
-2.65535,-1.5844,5.73799,0.3,0.05,-2.61466,-1.62638,5.76271
-2.65598,-1.58347,5.7375,0.3,0.05,-2.62701,-1.61577,5.75911
-2.65617,-1.58238,5.73701,0.3,0.05,-2.61572,-1.62053,5.76172
-2.65668,-1.58132,5.73653,0.3,0.05,-2.64029,-1.60092,5.75455
-2.65722,-1.58026,5.73603,0.3,0.05,-2.64199,-1.59546,5.75341
-2.65852,-1.57639,5.73505,0.3,0.05,-2.61969,-1.60589,5.7587
-2.65888,-1.575,5.73457,0.3,0.05,-2.63305,-1.59445,5.75475
-2.65955,-1.57351,5.73407,0.3,0.05,-2.6452,-1.58223,5.75071
-2.66121,-1.56922,5.7331,0.3,0.05,-2.64562,-1.58021,5.7504
-2.66272,-1.56805,5.73261,0.3,0.05,-2.64687,-1.5741,5.74942
-2.66406,-1.56657,5.73213,0.3,0.05,-2.64806,-1.56816,5.74809
-2.66606,-1.56222,5.73113,0.3,0.05,-2.64943,-1.56142,5.74688
-2.66808,-1.55813,5.73016,0.3,0.05,-2.6403,-1.56231,5.74846
-2.6695,-1.55363,5.72918,0.3,0.05,-2.62836,-1.56796,5.75106
-2.67064,-1.55212,5.7287,0.3,0.05,-2.65256,-1.54818,5.74402
-2.67124,-1.55038,5.72821,0.3,0.05,-2.65364,-1.54221,5.74305
-2.67281,-1.54522,5.72723,0.3,0.05,-2.64305,-1.54501,5.74486
-2.67434,-1.54005,5.72625,0.3,0.05,-2.65539,-1.53235,5.74099
-2.67589,-1.535,5.72527,0.3,0.05,-2.6328,-1.54414,5.74671
-2.67626,-1.53228,5.72478,0.3,0.05,-2.64566,-1.53181,5.74244
-2.67705,-1.53014,5.7243,0.3,0.05,-2.65795,-1.5194,5.73812
-2.67826,-1.52484,5.72332,0.3,0.05,-2.65829,-1.51738,5.73783
-2.6795,-1.52296,5.72284,0.3,0.05,-2.65893,-1.51348,5.7372
-2.68049,-1.52091,5.72236,0.3,0.05,-2.65923,-1.51155,5.73688
-2.68147,-1.51883,5.72187,0.3,0.05,-2.65982,-1.50766,5.73619
-2.6824,-1.51681,5.72139,0.3,0.05,-2.66071,-1.50185,5.7348
-2.68395,-1.51211,5.72041,0.3,0.05,-2.66098,-1.50002,5.73451
-2.68555,-1.51066,5.71993,0.3,0.05,-2.66142,-1.49629,5.73393
-2.68753,-1.50958,5.71945,0.3,0.05,-2.6627,-1.48921,5.73194
-2.68781,-1.503,5.71847,0.3,0.05,-2.64051,-1.50102,5.73757
-2.68761,-1.49937,5.71799,0.3,0.05,-2.65231,-1.49029,5.73392
-2.68723,-1.49573,5.71751,0.3,0.05,-2.64134,-1.4952,5.73654
-2.68711,-1.4922,5.71702,0.3,0.05,-2.66489,-1.47553,5.72928
-2.68714,-1.48915,5.71655,0.3,0.05,-2.66558,-1.47003,5.72806
-2.68829,-1.48384,5.71557,0.3,0.05,-2.65479,-1.47362,5.73058
-2.68769,-1.47628,5.71458,0.3,0.05,-2.64253,-1.47975,5.73322
-2.68695,-1.47144,5.7141,0.3,0.05,-2.65593,-1.46661,5.72852
-2.68619,-1.46664,5.71362,0.3,0.05,-2.64462,-1.47187,5.73127
-2.68551,-1.46219,5.71313,0.3,0.05,-2.66804,-1.4521,5.72421
-2.68476,-1.45772,5.71265,0.3,0.05,-2.66846,-1.44835,5.72355
-2.68463,-1.45089,5.71166,0.3,0.05,-2.66864,-1.44662,5.72316
-2.68459,-1.44698,5.71118,0.3,0.05,-2.66922,-1.44107,5.72169
-2.6844,-1.4429,5.71069,0.3,0.05,-2.66888,-1.43722,5.72136
-2.68518,-1.43628,5.70969,0.3,0.05,-2.66957,-1.43307,5.72027
-2.68599,-1.42998,5.70872,0.3,0.05,-2.67073,-1.42616,5.71839
-2.68743,-1.42402,5.70773,0.3,0.05,-2.64829,-1.43853,5.72414
-2.68863,-1.42063,5.70725,0.3,0.05,-2.67142,-1.41885,5.71709
-2.68977,-1.41718,5.70676,0.3,0.05,-2.6606,-1.42225,5.71926
-2.69098,-1.41098,5.70577,0.3,0.05,-2.67161,-1.41085,5.716
-2.69161,-1.40433,5.70478,0.3,0.05,-2.67144,-1.40651,5.71542
-2.69293,-1.39818,5.7038,0.3,0.05,-2.64927,-1.41848,5.72077
-2.69019,-1.38967,5.70331,0.3,0.05,-2.67283,-1.39758,5.71356
-2.68775,-1.3816,5.70282,0.3,0.05,-2.67308,-1.394,5.71291
-2.68497,-1.37082,5.70182,0.3,0.05,-2.65031,-1.40682,5.71862
-2.68211,-1.36277,5.70133,0.3,0.05,-2.67349,-1.3869,5.7114
-2.67942,-1.35471,5.70083,0.3,0.05,-2.67276,-1.38351,5.71144
-2.67673,-1.34425,5.69984,0.3,0.05,-2.67274,-1.38039,5.71094
-2.67425,-1.33399,5.69883,0.3,0.05,-2.6499,-1.39341,5.7166
-2.67176,-1.32619,5.69833,0.3,0.05,-2.67379,-1.37183,5.70882
-2.66927,-1.31844,5.69783,0.3,0.05,-2.67405,-1.36643,5.7081
-2.67055,-1.31323,5.69682,0.3,0.05,-2.67388,-1.3615,5.70703
-2.67174,-1.30804,5.69582,0.3,0.05,-2.6737,-1.35895,5.70666
-2.67323,-1.30323,5.69482,0.3,0.05,-2.6505,-1.37283,5.71314
-2.67494,-1.30056,5.69431,0.3,0.05,-2.67313,-1.35351,5.70611
-2.67681,-1.2981,5.69382,0.3,0.05,-2.67375,-1.3472,5.7045
-2.67798,-1.29279,5.69282,0.3,0.05,-2.67365,-1.34195,5.70379
-2.67827,-1.28723,5.69181,0.3,0.05,-2.67403,-1.33821,5.70291
-2.67815,-1.28164,5.69081,0.3,0.05,-2.67403,-1.33661,5.70254
-2.67762,-1.27795,5.69031,0.3,0.05,-2.67336,-1.33446,5.70222
-2.67652,-1.27377,5.68981,0.3,0.05,-2.67293,-1.33367,5.7023
-2.67763,-1.27251,5.6893,0.3,0.05,-2.66172,-1.33783,5.70497
-2.67792,-1.27102,5.6888,0.3,0.05,-2.65024,-1.34377,5.70768
-2.67816,-1.26949,5.6883,0.3,0.05,-2.67244,-1.32448,5.70065
-2.67875,-1.26788,5.68778,0.3,0.05,-2.66206,-1.3269,5.70272
-2.67929,-1.26436,5.68679,0.3,0.05,-2.6507,-1.33264,5.70538
-2.68003,-1.26273,5.68629,0.3,0.05,-2.6617,-1.32208,5.70165
-2.68081,-1.26126,5.68579,0.3,0.05,-2.65065,-1.32763,5.70419
-2.6811,-1.25941,5.68529,0.3,0.05,-2.67139,-1.31048,5.69798
-2.68121,-1.25741,5.68479,0.3,0.05,-2.67147,-1.30726,5.69767
-2.68103,-1.25322,5.68379,0.3,0.05,-2.67133,-1.30583,5.69741
-2.68163,-1.25186,5.68328,0.3,0.05,-2.67091,-1.30145,5.69639
-2.68094,-1.24989,5.68278,0.3,0.05,-2.67111,-1.29746,5.69534
-2.68048,-1.2464,5.68178,0.3,0.05,-2.67134,-1.29527,5.695
-2.68015,-1.24517,5.68128,0.3,0.05,-2.67123,-1.29191,5.69433
-2.67936,-1.24416,5.68078,0.3,0.05,-2.67024,-1.28858,5.69372
-2.67891,-1.24119,5.67978,0.3,0.05,-2.66974,-1.28787,5.69364
-2.67875,-1.23999,5.67928,0.3,0.05,-2.66942,-1.28498,5.6933
-2.67996,-1.2392,5.67878,0.3,0.05,-2.6689,-1.28076,5.69243
-2.68087,-1.23637,5.67778,0.3,0.05,-2.66871,-1.27933,5.6921
-2.68189,-1.23506,5.67728,0.3,0.05,-2.6684,-1.27638,5.69139
-2.68295,-1.23375,5.67679,0.3,0.05,-2.6685,-1.27443,5.69087
-2.68429,-1.23263,5.67629,0.3,0.05,-2.66868,-1.2704,5.69017
-2.6861,-1.23163,5.67579,0.3,0.05,-2.66858,-1.26879,5.68973
-2.68775,-1.23041,5.67529,0.3,0.05,-2.66758,-1.26724,5.68954
-2.6898,-1.22969,5.6748,0.3,0.05,-2.66702,-1.26657,5.68948
-2.69114,-1.22804,5.67429,0.3,0.05,-2.65572,-1.2711,5.69212
-2.69154,-1.22602,5.6738,0.3,0.05,-2.66603,-1.25962,5.68815
-2.692,-1.22191,5.67281,0.3,0.05,-2.66539,-1.2555,5.68717
-2.69173,-1.21771,5.67181,0.3,0.05,-2.66546,-1.24983,5.68595
-2.69153,-1.21346,5.6708,0.3,0.05,-2.66416,-1.24706,5.68534
-2.69115,-1.20901,5.66982,0.3,0.05,-2.66361,-1.24636,5.68525
-2.69104,-1.20647,5.66932,0.3,0.05,-2.65259,-1.25082,5.68749
-2.69107,-1.20414,5.66882,0.3,0.05,-2.66249,-1.23962,5.6838
-2.688,-1.19644,5.66783,0.3,0.05,-2.64013,-1.25334,5.68952
-2.68564,-1.19121,5.66733,0.3,0.05,-2.65121,-1.24291,5.68573
-2.68297,-1.18588,5.66683,0.3,0.05,-2.63942,-1.24949,5.68861
-2.68041,-1.1802,5.66633,0.3,0.05,-2.66138,-1.22921,5.68129
-2.67846,-1.17479,5.66582,0.3,0.05,-2.66022,-1.22791,5.68114
-2.67654,-1.16772,5.66482,0.3,0.05,-2.63725,-1.24254,5.68715
-2.67515,-1.16279,5.66432,0.3,0.05,-2.64798,-1.23226,5.68342
-2.67319,-1.15764,5.66381,0.3,0.05,-2.65843,-1.22064,5.67957
-2.67145,-1.1509,5.66281,0.3,0.05,-2.65765,-1.21688,5.67864
-2.67182,-1.14671,5.6618,0.3,0.05,-2.65684,-1.21305,5.67763
-2.67235,-1.14248,5.6608,0.3,0.05,-2.65663,-1.2117,5.67727
-2.6733,-1.13962,5.66029,0.3,0.05,-2.6555,-1.21029,5.67724
-2.67368,-1.13624,5.65979,0.3,0.05,-2.63318,-1.22472,5.68314
-2.6738,-1.13293,5.65927,0.3,0.05,-2.64351,-1.21474,5.67949
-2.67386,-1.12961,5.65877,0.3,0.05,-2.65353,-1.20343,5.67543
-2.67308,-1.12421,5.65776,0.3,0.05,-2.65326,-1.20219,5.67531
-2.67313,-1.12042,5.65726,0.3,0.05,-2.65269,-1.19973,5.67468
-2.67297,-1.11638,5.65675,0.3,0.05,-2.63042,-1.21381,5.6804
-2.67329,-1.11214,5.65625,0.3,0.05,-2.6515,-1.19499,5.67336
-2.67365,-1.10788,5.65574,0.3,0.05,-2.64977,-1.19312,5.67322
-2.67258,-1.10146,5.65473,0.3,0.05,-2.6492,-1.19067,5.67256
-2.67202,-1.09525,5.65372,0.3,0.05,-2.64833,-1.18701,5.67138
-2.67135,-1.08903,5.65271,0.3,0.05,-2.64805,-1.18578,5.67117
-2.67105,-1.08404,5.6522,0.3,0.05,-2.64747,-1.18343,5.67067
-2.67011,-1.07857,5.65169,0.3,0.05,-2.64651,-1.17997,5.66971
-2.66933,-1.07262,5.65068,0.3,0.05,-2.64618,-1.17894,5.6694
-2.669,-1.06807,5.65016,0.3,0.05,-2.64454,-1.17883,5.66953
-2.66875,-1.06346,5.64965,0.3,0.05,-2.64371,-1.17501,5.66852
-2.6675,-1.05708,5.64863,0.3,0.05,-2.64341,-1.17379,5.66817
-2.66696,-1.05205,5.64811,0.3,0.05,-2.6428,-1.17143,5.66739
-2.66642,-1.04708,5.6476,0.3,0.05,-2.6425,-1.17028,5.66688
-2.66533,-1.04161,5.64709,0.3,0.05,-2.6419,-1.16798,5.66645
-2.66409,-1.03624,5.64658,0.3,0.05,-2.64159,-1.16691,5.66614
-2.66241,-1.03064,5.64606,0.3,0.05,-2.64056,-1.16369,5.6652
-2.6602,-1.02435,5.64554,0.3,0.05,-2.6388,-1.16394,5.66519
-2.65739,-1.01698,5.64452,0.3,0.05,-2.63817,-1.16355,5.66537
-2.65347,-1.00964,5.644,0.3,0.05,-2.63772,-1.16083,5.66457
-2.64956,-1.00234,5.64348,0.3,0.05,-2.63738,-1.15978,5.66426
-2.64554,-0.994571,5.64295,0.3,0.05,-2.63674,-1.15748,5.66352
-2.64093,-0.98646,5.64243,0.3,0.05,-2.63644,-1.15637,5.66293
-2.63567,-0.978225,5.6419,0.3,0.05,-2.63582,-1.15415,5.66246
-2.63087,-0.971286,5.64137,0.3,0.05,-2.63551,-1.15311,5.66215
-2.62591,-0.964103,5.64084,0.3,0.05,-2.63483,-1.15098,5.66151
-2.62155,-0.958354,5.64031,0.3,0.05,-2.63447,-1.15005,5.66123
-2.61594,-0.95246,5.63978,0.3,0.05,-2.63231,-1.15074,5.66132
-2.61423,-0.950752,5.63925,0.3,0.05,-2.63197,-1.1502,5.66115
-2.6119,-0.948538,5.63871,0.3,0.05,-2.63123,-1.14823,5.6608
-2.61166,-0.949277,5.63818,0.3,0.05,-2.63044,-1.14459,5.65962
-2.61048,-0.94904,5.63714,0.3,0.05,-2.63014,-1.14355,5.65906
-2.6096,-0.949348,5.63662,0.3,0.05,-2.61882,-1.14911,5.66147
-2.60803,-0.948936,5.63609,0.3,0.05,-2.62852,-1.13836,5.65751
-2.60473,-0.947554,5.63506,0.3,0.05,-2.62624,-1.1381,5.65727
-2.60133,-0.946136,5.63402,0.3,0.05,-2.6245,-1.13635,5.6569
-2.59968,-0.946514,5.63299,0.3,0.05,-2.62445,-1.13522,5.65652
-2.59821,-0.947159,5.63246,0.3,0.05,-2.62393,-1.1328,5.6557
-2.59602,-0.947242,5.63193,0.3,0.05,-2.62298,-1.12978,5.65428
-2.59183,-0.945699,5.63089,0.3,0.05,-2.62265,-1.12877,5.65393
-2.59245,-0.949136,5.63036,0.3,0.05,-2.62201,-1.12685,5.65349
-2.59307,-0.952172,5.62985,0.3,0.05,-2.62164,-1.12597,5.65321
-2.59489,-0.956489,5.62932,0.3,0.05,-2.61912,-1.12647,5.65313
-2.59629,-0.960258,5.62879,0.3,0.05,-2.61828,-1.12497,5.65257
-2.59957,-0.966431,5.62777,0.3,0.05,-2.59657,-1.13963,5.6585
-2.60351,-0.972683,5.62724,0.3,0.05,-2.60661,-1.12998,5.65477
-2.60773,-0.979121,5.62673,0.3,0.05,-2.61631,-1.11924,5.65035
-2.61054,-0.984347,5.6257,0.3,0.05,-2.5944,-1.13404,5.65623
-2.61409,-0.990191,5.6252,0.3,0.05,-2.60505,-1.12398,5.6524
-2.61722,-0.995638,5.62469,0.3,0.05,-2.61308,-1.11659,5.64942
-2.61925,-0.999628,5.62368,0.3,0.05,-2.61249,-1.11624,5.64913
-2.62052,-1.00359,5.62317,0.3,0.05,-2.61166,-1.11484,5.64848
-2.62222,-1.00796,5.62266,0.3,0.05,-2.61127,-1.11417,5.6483
-2.62291,-1.01161,5.62215,0.3,0.05,-2.61048,-1.11265,5.64789
-2.6238,-1.01518,5.62165,0.3,0.05,-2.61016,-1.11181,5.64756
-2.62507,-1.01847,5.62114,0.3,0.05,-2.60958,-1.10981,5.64643
-2.62655,-1.02132,5.62064,0.3,0.05,-2.58806,-1.12452,5.65206
-2.62612,-1.02195,5.62013,0.3,0.05,-2.59774,-1.11523,5.64858
-2.62512,-1.02259,5.61963,0.3,0.05,-2.58708,-1.12199,5.65113
-2.6243,-1.02327,5.61912,0.3,0.05,-2.60552,-1.10738,5.64523
-2.62342,-1.02419,5.61862,0.3,0.05,-2.60503,-1.10583,5.64447
-2.62208,-1.02407,5.61762,0.3,0.05,-2.60463,-1.1052,5.64416
-2.62119,-1.02454,5.61711,0.3,0.05,-2.60385,-1.10388,5.64383
-2.62059,-1.0251,5.61661,0.3,0.05,-2.60346,-1.10317,5.64355
-2.62018,-1.02587,5.61611,0.3,0.05,-2.60257,-1.10062,5.64209
-2.6201,-1.02652,5.6156,0.3,0.05,-2.60162,-1.09919,5.64137
-2.61934,-1.02646,5.6146,0.3,0.05,-2.6016,-1.09819,5.64112
-2.61915,-1.02709,5.6141,0.3,0.05,-2.59921,-1.09908,5.64109
-2.61822,-1.02693,5.6136,0.3,0.05,-2.59843,-1.09784,5.64043
-2.6169,-1.02591,5.61259,0.3,0.05,-2.57691,-1.11296,5.64623
-2.61521,-1.02525,5.6121,0.3,0.05,-2.5969,-1.09548,5.63946
-2.61423,-1.02454,5.6116,0.3,0.05,-2.59595,-1.09325,5.63808
-2.61387,-1.02443,5.6106,0.3,0.05,-2.59531,-1.09176,5.63727
-2.61379,-1.02414,5.6096,0.3,0.05,-2.59498,-1.09108,5.63692
-2.61322,-1.02414,5.6091,0.3,0.05,-2.5931,-1.09248,5.63755
-2.61248,-1.02392,5.6086,0.3,0.05,-2.59265,-1.09209,5.63711
-2.61299,-1.02413,5.6081,0.3,0.05,-2.5919,-1.09092,5.63637
-2.61317,-1.02426,5.6076,0.3,0.05,-2.59123,-1.09062,5.63613
-2.61247,-1.02397,5.6071,0.3,0.05,-2.59079,-1.08931,5.63541
-2.61175,-1.02318,5.6066,0.3,0.05,-2.59044,-1.08878,5.63533
-2.61126,-1.02264,5.60609,0.3,0.05,-2.58974,-1.08765,5.6344
