null_x,null_y,null_theta
0.030322,-2.06207,6.22941
0.0295011,-2.06456,6.22856
0.0294316,-2.06704,6.22801
0.0290946,-2.06869,6.22728
0.0289286,-2.06952,6.22695
0.0284776,-2.07122,6.22661
0.0284924,-2.07209,6.22638
0.0259175,-2.07378,6.22482
0.0255247,-2.07469,6.22433
0.0248176,-2.0764,6.22352
0.0245771,-2.07729,6.22319
0.0246371,-2.07902,6.2232
0.0239236,-2.08167,6.22219
0.0236898,-2.08258,6.22185
0.0367371,-2.08518,6.22461
0.0213306,-2.0871,6.22015
0.0201576,-2.08802,6.21928
0.0193473,-2.08984,6.21848
0.0190755,-2.09079,6.21813
0.0326173,-2.09348,6.22123
0.0181558,-2.09542,6.21711
0.0172691,-2.09825,6.2161
0.0161694,-2.1011,6.21549
0.0414477,-2.10381,6.22063
0.0129905,-2.105,6.21314
0.0129352,-2.10696,6.21284
0.012535,-2.10795,6.21278
0.0114236,-2.11087,6.21172
0.01069,-2.11286,6.21103
0.00952803,-2.11582,6.21042
0.00904362,-2.11684,6.20999
0.00633995,-2.11988,6.2082
0.00580654,-2.12297,6.20766
0.00491877,-2.12497,6.20709
0.0307422,-2.12795,6.21267
0.00315397,-2.12912,6.20574
0.00227105,-2.13119,6.20526
0.000566199,-2.13432,6.20415
-0.000719521,-2.1354,6.20341
-0.000749423,-2.1375,6.20313
-0.00128462,-2.13862,6.20277
0.0111965,-2.14177,6.20525
-0.00389416,-2.14394,6.20117
0.0218559,-2.14713,6.20675
0.00768751,-2.14826,6.20335
0.0202801,-2.15037,6.20585
0.00650878,-2.15153,6.20233
-0.00895947,-2.1537,6.19807
-0.00954759,-2.15482,6.1977
-0.0107417,-2.15701,6.19721
-0.0113653,-2.15814,6.19675
-0.0131446,-2.16148,6.19573
-0.0143019,-2.1637,6.19506
-0.0160438,-2.16711,6.19417
-0.017285,-2.17048,6.19343
-0.0198942,-2.1739,6.19203
-0.0219771,-2.17737,6.19107
0.00400235,-2.1809,6.19676
-0.0104605,-2.18207,6.19309
-0.0258914,-2.18428,6.18912
-0.0260363,-2.18547,6.18903
-0.0126869,-2.18905,6.19198
-0.000751042,-2.19143,6.19434
-0.0303688,-2.19252,6.18667
-0.0318693,-2.19482,6.18622
-0.0341275,-2.19837,6.1852
-0.0363021,-2.20198,6.18398
-0.0364347,-2.20318,6.18417
-0.0366111,-2.20556,6.18412
-0.0399467,-2.20913,6.18261
-0.0146023,-2.21294,6.18812
-0.043356,-2.21402,6.1811
-0.0450154,-2.21642,6.18042
-0.0458602,-2.21766,6.18007
-0.0473945,-2.22003,6.17913
-0.0475261,-2.2213,6.17911
-0.0478033,-2.22374,6.17922
-0.0485289,-2.22499,6.17895
-0.0502066,-2.22741,6.17829
-0.0538416,-2.23108,6.17649
-0.0566628,-2.23483,6.17559
-0.057571,-2.23605,6.17525
-0.0592924,-2.23851,6.17438
-0.059422,-2.23981,6.17423
-0.0594568,-2.24235,6.17446
-0.0622446,-2.24606,6.17356
-0.0632471,-2.24737,6.17316
-0.0660483,-2.24978,6.17169
-0.0691081,-2.25355,6.17082
-0.0701366,-2.25484,6.17047
-0.0720219,-2.25734,6.16973
-0.0717561,-2.25871,6.16957
-0.0736098,-2.2625,6.16928
-0.0749276,-2.26507,6.16886
-0.0762528,-2.26632,6.16846
-0.0802089,-2.2701,6.1666
-0.0835267,-2.27393,6.16573
-0.071724,-2.27809,6.16788
-0.0860531,-2.28045,6.16469
-0.087429,-2.28171,6.16449
-0.0893016,-2.28426,6.16398
-0.0923282,-2.28813,6.16272
-0.0938732,-2.28946,6.16212
-0.0978044,-2.29328,6.161
-0.100058,-2.29588,6.16035
-0.101066,-2.29983,6.15989
-0.102121,-2.30116,6.15957
-0.104189,-2.30373,6.1592
-0.105246,-2.30506,6.15894
-0.107373,-2.30764,6.158
-0.111709,-2.31151,6.15649
-0.115371,-2.31546,6.15567
-0.116547,-2.31945,6.15525
-0.117728,-2.32083,6.15488
-0.119942,-2.32339,6.15447
-0.121093,-2.32473,6.1542
-0.124547,-2.32866,6.15294
-0.127066,-2.33126,6.15215
-0.129064,-2.3326,6.15151
-0.118064,-2.33692,6.15408
-0.132896,-2.33927,6.15067
-0.134101,-2.34057,6.15031
-0.136516,-2.34318,6.14968
-0.140205,-2.34713,6.14877
-0.141468,-2.34847,6.14828
-0.145371,-2.35243,6.14718
-0.14858,-2.35504,6.14644
-0.148673,-2.35646,6.14664
-0.150284,-2.35908,6.14604
-0.125942,-2.36395,6.15146
-0.155559,-2.36439,6.14472
-0.159539,-2.36834,6.14355
-0.162211,-2.371,6.14287
-0.137461,-2.37592,6.14853
-0.153126,-2.37679,6.14496
-0.140477,-2.37997,6.14772
-0.169606,-2.38036,6.14122
-0.172384,-2.38297,6.1405
-0.173858,-2.38436,6.14014
-0.176658,-2.38696,6.13966
-0.180482,-2.39093,6.13842
-0.182313,-2.39222,6.13798
-0.171553,-2.39684,6.14058
-0.158787,-2.40009,6.14348
-0.174069,-2.40089,6.1401
-0.16251,-2.40405,6.14269
-0.193133,-2.40426,6.13569
-0.196067,-2.40681,6.13516
-0.171175,-2.41203,6.14043
-0.202163,-2.41212,6.1334
-0.191407,-2.41676,6.13591
-0.207189,-2.41885,6.13243
-0.211873,-2.42272,6.1314
-0.216654,-2.42663,6.13032
-0.218301,-2.42795,6.12993
-0.221481,-2.43053,6.12903
-0.223088,-2.43186,6.1287
-0.225688,-2.43597,6.12854
-0.227731,-2.43864,6.12813
-0.232953,-2.44253,6.12693
-0.234626,-2.44381,6.12657
-0.237967,-2.44636,6.12584
-0.239693,-2.44767,6.12541
-0.243125,-2.45026,6.12447
-0.244831,-2.45158,6.12414
-0.247747,-2.45417,6.12364
-0.247512,-2.45568,6.12406
-0.249804,-2.45832,6.12354
-0.251406,-2.4596,6.12314
-0.255081,-2.46215,6.12239
-0.256883,-2.46344,6.12203
-0.260413,-2.46596,6.1213
-0.262178,-2.46722,6.1209
-0.265802,-2.46977,6.11982
-0.270652,-2.4736,6.119
-0.27049,-2.47514,6.11944
-0.259555,-2.47992,6.12178
-0.278214,-2.48156,6.11784
-0.280076,-2.4828,6.11749
-0.283787,-2.48527,6.11677
-0.285702,-2.48655,6.11637
-0.289459,-2.48902,6.11523
-0.265438,-2.49467,6.1209
-0.294507,-2.49432,6.11489
-0.29724,-2.49694,6.11455
-0.299016,-2.49822,6.11384
-0.304349,-2.50197,6.113
-0.308248,-2.50435,6.11227
-0.310316,-2.50564,6.11187
-0.316195,-2.50927,6.11028
-0.319572,-2.51176,6.10982
-0.319548,-2.5133,6.11028
-0.322508,-2.51577,6.10992
-0.324412,-2.51707,6.10927
-0.329976,-2.52071,6.10826
-0.335737,-2.5229,6.10688
-0.337494,-2.52414,6.10656
-0.344151,-2.52765,6.10479
-0.348168,-2.53004,6.10415
-0.349981,-2.5313,6.10391
-0.353772,-2.5337,6.10334
-0.35572,-2.53493,6.10285
-0.359509,-2.53734,6.10191
-0.361498,-2.53857,6.10164
-0.365783,-2.54089,6.10091
-0.37417,-2.54417,6.09865
-0.37632,-2.54533,6.09814
-0.382359,-2.54892,6.09721
-0.372605,-2.55384,6.09973
-0.392355,-2.55484,6.09522
-0.394456,-2.55609,6.09486
-0.398475,-2.55839,6.09432
-0.400815,-2.55955,6.09393
-0.40959,-2.5627,6.09152
-0.413855,-2.565,6.09074
-0.415742,-2.56618,6.09055
-0.419905,-2.56849,6.08998
-0.395808,-2.57474,6.09522
-0.413346,-2.57453,6.09148
-0.402092,-2.57826,6.09425
-0.419656,-2.57802,6.09062
-0.440428,-2.57866,6.08608
-0.448084,-2.58185,6.08419
-0.450062,-2.58305,6.08401
-0.456665,-2.58642,6.08341
-0.461063,-2.58868,6.08272
-0.46755,-2.592,6.0818
-0.46982,-2.59312,6.08175
-0.474366,-2.59527,6.08115
-0.477533,-2.59621,6.08042
-0.483204,-2.59818,6.07923
-0.485208,-2.59934,6.07897
-0.489677,-2.60143,6.07869
-0.491999,-2.60252,6.07841
-0.483216,-2.60737,6.08076
-0.503315,-2.60781,6.07667
-0.505713,-2.60891,6.07654
-0.496938,-2.61371,6.07917
-0.486459,-2.61741,6.08173
-0.50607,-2.61643,6.07731
-0.525602,-2.61681,6.07366
-0.528022,-2.61783,6.0735
-0.532702,-2.61982,6.07283
-0.535108,-2.62084,6.07247
-0.539768,-2.62282,6.07176
-0.542236,-2.62386,6.07141
-0.549272,-2.62678,6.07086
-0.557668,-2.62945,6.06931
-0.565242,-2.63221,6.06842
-0.570097,-2.63407,6.06778
-0.572199,-2.63511,6.06752
-0.577414,-2.63687,6.06673
-0.58472,-2.63966,6.06604
-0.587244,-2.64063,6.06578
-0.591434,-2.64257,6.06532
-0.60052,-2.64482,6.06356
-0.603149,-2.64575,6.06322
-0.610683,-2.64833,6.06248
-0.618231,-2.65093,6.06141
-0.623188,-2.65264,6.06076
-0.625734,-2.65351,6.06076
-0.62991,-2.65537,6.06031
-0.632026,-2.65637,6.06015
-0.637931,-2.65775,6.05908
-0.641452,-2.65836,6.05835
-0.646581,-2.65996,6.05798
-0.649244,-2.66077,6.05751
-0.654388,-2.66234,6.0568
-0.657109,-2.66318,6.05643
-0.664739,-2.66553,6.05545
-0.668944,-2.66729,6.05531
-0.671035,-2.66825,6.05519
-0.675978,-2.66981,6.05458
-0.685589,-2.67155,6.05288
-0.687953,-2.67237,6.05276
-0.693715,-2.67373,6.05196
-0.696436,-2.67446,6.0516
-0.701615,-2.67586,6.05089
-0.704362,-2.67661,6.05053
-0.708562,-2.67829,6.05048
-0.7106,-2.67913,6.05036
-0.71553,-2.68058,6.04981
-0.725135,-2.68216,6.04812
-0.728084,-2.68283,6.04772
-0.733445,-2.68408,6.04722
-0.736323,-2.68475,6.04685
-0.744386,-2.68664,6.04578
-0.748632,-2.6882,6.04551
-0.750701,-2.68898,6.04555
-0.755406,-2.69041,6.0451
-0.763892,-2.69213,6.04398
-0.767992,-2.69235,6.04304
-0.773844,-2.69342,6.04247
-0.776626,-2.69397,6.04212
-0.782171,-2.69507,6.04141
-0.784981,-2.69564,6.04105
-0.789221,-2.69709,6.04061
-0.791428,-2.69782,6.0407
-0.796577,-2.69898,6.04025
-0.804468,-2.70068,6.03938
-0.807378,-2.70118,6.03894
-0.814498,-2.70169,6.03768
-0.817514,-2.70219,6.03734
-0.826065,-2.70361,6.03627
-0.830212,-2.70493,6.03594
-0.832454,-2.7056,6.0357
-0.837749,-2.7066,6.03541
-0.814511,-2.7136,6.04119
-0.848594,-2.70857,6.03423
-0.854637,-2.70921,6.03306
-0.864482,-2.71009,6.03191
-0.841496,-2.71708,6.03753
-0.859259,-2.71493,6.03403
-0.847944,-2.7189,6.03729
-0.866188,-2.71653,6.03373
-0.856965,-2.72,6.03626
-0.890174,-2.71479,6.02952
-0.895834,-2.71553,6.02859
-0.899319,-2.71565,6.028
-0.905985,-2.71598,6.02723
-0.91319,-2.71745,6.02674
-0.89007,-2.72457,6.03227
-0.92384,-2.71895,6.02566
-0.929323,-2.71959,6.02511
-0.932139,-2.71992,6.02482
-0.940612,-2.7208,6.02355
-0.947836,-2.72078,6.02258
-0.924971,-2.72785,6.02832
-0.941892,-2.72556,6.02505
-0.962551,-2.72309,6.02116
-0.965911,-2.72325,6.02081
-0.958318,-2.72721,6.02353
-0.948468,-2.73082,6.02595
-0.98279,-2.72461,6.01893
-0.98887,-2.7249,6.01821
-0.99281,-2.72467,6.01766
-0.997002,-2.72556,6.01762
-0.999479,-2.72589,6.01736
-1.00518,-2.72621,6.01649
-1.01382,-2.72666,6.01576
-1.02241,-2.72709,6.01467
-1.03114,-2.72746,6.01355
-1.03879,-2.72809,6.01324
-1.04692,-2.72854,6.01219
-1.0245,-2.7356,6.01791
-1.0426,-2.73235,6.01448
-1.0644,-2.72888,6.01038
-1.06745,-2.72892,6.00989
-1.07317,-2.72901,6.00919
-1.07611,-2.72905,6.00885
-1.06773,-2.73317,6.01201
-1.08917,-2.72958,6.00777
-1.09219,-2.72955,6.00738
-1.09803,-2.72949,6.00666
-1.10106,-2.72944,6.00655
-1.10688,-2.72936,6.00594
-1.10989,-2.72931,6.00538
-1.11565,-2.72923,6.00469
-1.09322,-2.73637,6.01054
-1.10864,-2.7338,6.00797
-1.13176,-2.72937,6.00325
-1.13419,-2.72927,6.00295
-1.14065,-2.729,6.00213
-1.14969,-2.72859,6.00136
-1.15265,-2.72845,6.00078
-1.15848,-2.72818,6.0001
-1.1614,-2.72807,5.99976
-1.16715,-2.72889,6.00011
-1.17376,-2.72821,5.9989
-1.17677,-2.72802,5.99855
-1.16972,-2.73139,6.00084
-1.19189,-2.72689,5.99695
-1.19488,-2.72666,5.99645
-1.20078,-2.7262,5.9957
-1.20373,-2.726,5.99537
-1.2069,-2.72669,5.99563
-1.20935,-2.72668,5.99555
-1.2189,-2.72559,5.9942
-1.22483,-2.72502,5.9935
-1.22794,-2.72469,5.9931
-1.23395,-2.72405,5.99243
-1.21145,-2.7313,5.99788
-1.24602,-2.72276,5.99084
-1.25161,-2.72326,5.99099
-1.25729,-2.72268,5.99032
-1.23469,-2.72998,5.99595
-1.27004,-2.72088,5.98862
-1.27913,-2.71963,5.98757
-1.28818,-2.7184,5.98633
-1.29125,-2.7189,5.98667
-1.29379,-2.7187,5.9865
-1.30199,-2.7177,5.98556
-1.30874,-2.71649,5.98466
-1.31193,-2.71595,5.98426
-1.31803,-2.71494,5.9835
-1.32107,-2.71443,5.98311
-1.32716,-2.7134,5.98223
-1.33321,-2.7133,5.98228
-1.34116,-2.71221,5.9815
-1.3444,-2.71163,5.98096
-1.35017,-2.71064,5.98039
-1.35303,-2.71011,5.98007
-1.35969,-2.70871,5.97916
-1.36284,-2.70808,5.97875
-1.36896,-2.70686,5.97778
-1.37499,-2.70657,5.97785
-1.37767,-2.70615,5.97764
-1.38333,-2.70508,5.97702
-1.38626,-2.70451,5.97637
-1.39497,-2.70278,5.97564
-1.40129,-2.7013,5.97483
-1.40439,-2.70061,5.97445
-1.41358,-2.69852,5.97308
-1.4166,-2.6987,5.97349
-1.41929,-2.69815,5.97326
-1.42499,-2.69689,5.97265
-1.42792,-2.69624,5.97207
-1.43665,-2.69427,5.97112
-1.44237,-2.69291,5.97052
-1.45182,-2.69042,5.96887
-1.4578,-2.68973,5.96901
-1.4606,-2.68907,5.96876
-1.46594,-2.68775,5.96826
-1.46926,-2.68688,5.96772
-1.47495,-2.68543,5.96677
-1.47789,-2.68467,5.96657
-1.48661,-2.68235,5.96569
-1.4929,-2.68052,5.96455
-1.4708,-2.68789,5.97009
-1.50164,-2.67888,5.9643
-1.50728,-2.67728,5.96372
-1.51585,-2.67483,5.96229
-1.51886,-2.67396,5.96197
-1.52455,-2.67231,5.96147
-1.52751,-2.67142,5.96117
-1.53335,-2.66964,5.96036
-1.53642,-2.66868,5.95968
-1.54243,-2.6675,5.95972
-1.54825,-2.66567,5.95913
-1.55111,-2.66477,5.95881
-1.55682,-2.66295,5.9577
-1.55975,-2.66202,5.95733
-1.56541,-2.6602,5.95682
-1.56833,-2.65925,5.95653
-1.57402,-2.65737,5.95589
-1.57678,-2.65651,5.95523
-1.58149,-2.65516,5.95485
-1.58457,-2.65409,5.95456
-1.59024,-2.65213,5.95397
-1.59319,-2.6511,5.95365
-1.58655,-2.65332,5.95545
-1.60762,-2.64604,5.95155
-1.61053,-2.645,5.95126
-1.6192,-2.64186,5.94992
-1.62681,-2.63853,5.94838
-1.62982,-2.63737,5.94795
-1.63565,-2.63519,5.94737
-1.63851,-2.6341,5.94707
-1.64725,-2.63079,5.94558
-1.65571,-2.62755,5.94462
-1.66129,-2.6254,5.94405
-1.66415,-2.62429,5.9435
-1.67415,-2.61993,5.94162
-1.68313,-2.61621,5.94054
-1.68884,-2.61387,5.93948
-1.66738,-2.62133,5.94484
-1.6846,-2.61493,5.94136
-1.7058,-2.60687,5.93745
-1.70859,-2.60573,5.93706
-1.71368,-2.6037,5.93626
-1.72409,-2.59871,5.93435
-1.72662,-2.59758,5.93417
-1.73567,-2.59363,5.93261
-1.74406,-2.58992,5.93148
-1.74957,-2.58747,5.9309
-1.75231,-2.58626,5.9306
-1.74438,-2.58892,5.93285
-1.7351,-2.59209,5.93537
-1.75368,-2.58445,5.93138
-1.74554,-2.58682,5.93347
-1.77837,-2.57389,5.92625
-1.7844,-2.57107,5.9254
-1.78717,-2.56975,5.92502
-1.79536,-2.56587,5.92407
-1.80009,-2.56377,5.92332
-1.80267,-2.56255,5.92302
-1.80804,-2.55996,5.92234
-1.81154,-2.55805,5.92167
-1.81827,-2.5544,5.92048
-1.79651,-2.56225,5.92567
-1.82954,-2.54873,5.9186
-1.83771,-2.5446,5.91755
-1.8422,-2.54248,5.91679
-1.84444,-2.54131,5.91659
-1.84991,-2.53858,5.9159
-1.82846,-2.5464,5.92135
-1.84683,-2.53796,5.91689
-1.83868,-2.54061,5.91911
-1.87113,-2.52689,5.91214
-1.87659,-2.52394,5.91138
-1.87876,-2.52274,5.91116
-1.88365,-2.52031,5.91049
-1.86168,-2.52845,5.91615
-1.89377,-2.51486,5.90933
-1.89924,-2.51177,5.90856
-1.9035,-2.50907,5.9079
-1.90908,-2.50583,5.9071
-1.91196,-2.50418,5.9067
-1.91729,-2.5011,5.90596
-1.91977,-2.4997,5.90566
-1.9237,-2.49752,5.9057
-1.92663,-2.4959,5.90535
-1.93157,-2.49303,5.90479
-1.93411,-2.49155,5.90449
-1.9419,-2.48689,5.90345
-1.94888,-2.4823,5.90229
-1.95171,-2.48056,5.9019
-1.95689,-2.47736,5.90118
-1.95938,-2.47584,5.90087
-1.96357,-2.47338,5.90051
-1.96605,-2.47185,5.90051
-1.971,-2.46877,5.89992
-1.97349,-2.4672,5.89962
-1.97833,-2.46415,5.89902
-1.98087,-2.46253,5.89868
-1.98693,-2.45842,5.89784
-1.99551,-2.45262,5.89642
-1.99755,-2.4512,5.89623
-2.00189,-2.44854,5.89581
-2.00446,-2.44684,5.89545
-2.00921,-2.44367,5.89513
-2.01603,-2.43897,5.89434
-2.01884,-2.43716,5.89392
-2.02704,-2.43137,5.89277
-2.03535,-2.42541,5.89141
-2.03911,-2.42284,5.89112
-2.04156,-2.42111,5.89069
-2.04637,-2.41768,5.89036
-2.04872,-2.416,5.89007
-2.05337,-2.41264,5.88949
-2.05582,-2.41086,5.88917
-2.0605,-2.40744,5.88839
-2.06291,-2.40566,5.88814
-2.06926,-2.4007,5.88701
-2.04713,-2.40917,5.89274
-2.07752,-2.39458,5.88607
-2.08461,-2.38918,5.88538
-2.08911,-2.38572,5.88481
-2.09144,-2.38391,5.8845
-2.08345,-2.38565,5.88675
-2.07405,-2.38872,5.88963
-2.09032,-2.3801,5.88609
-2.10953,-2.36957,5.88217
-2.1164,-2.36401,5.88096
-2.12321,-2.35844,5.88035
-2.12557,-2.35649,5.88004
-2.13218,-2.35101,5.87891
-2.13658,-2.34733,5.87849
-2.1385,-2.34571,5.8784
-2.14322,-2.3416,5.87764
-2.14551,-2.33963,5.87726
-2.14957,-2.33597,5.87649
-2.15221,-2.33384,5.87604
-2.15661,-2.33002,5.87572
-2.15891,-2.328,5.87541
-2.16278,-2.32442,5.87476
-2.16952,-2.31861,5.87363
-2.17118,-2.31714,5.87386
-2.17523,-2.31341,5.87332
-2.17797,-2.31087,5.87274
-2.16983,-2.31233,5.87489
-2.18878,-2.30093,5.87109
-2.19096,-2.2989,5.87079
-2.19516,-2.29496,5.87013
-2.1973,-2.29295,5.86968
-2.20138,-2.28909,5.86898
-2.20565,-2.28498,5.8692
-2.20833,-2.28236,5.86864
-2.21304,-2.27776,5.86753
-2.21513,-2.27572,5.86714
-2.21928,-2.27164,5.86643
-2.22551,-2.26546,5.86575
-2.22761,-2.26338,5.86526
-2.23281,-2.2581,5.86454
-2.23735,-2.2534,5.86455
-2.24236,-2.24823,5.86325
-2.24447,-2.24605,5.86286
-2.24849,-2.24185,5.86208
-2.25449,-2.23554,5.8614
-2.25653,-2.23339,5.86088
-2.26033,-2.22934,5.86021
-2.26388,-2.22531,5.86024
-2.26575,-2.22328,5.86018
-2.26968,-2.21898,5.85935
-2.272,-2.21622,5.85871
-2.27624,-2.21177,5.85785
-2.27824,-2.20954,5.85746
-2.2841,-2.20301,5.8566
-2.28879,-2.19757,5.85589
-2.29287,-2.19271,5.8557
-2.29642,-2.18858,5.85508
-2.27434,-2.19721,5.86062
-2.30467,-2.17897,5.85321
-2.30841,-2.17454,5.85268
-2.31033,-2.17227,5.85238
-2.31477,-2.16676,5.85164
-2.31867,-2.16176,5.85122
-2.32199,-2.15766,5.85076
-2.32336,-2.15568,5.85048
-2.32975,-2.14808,5.84896
-2.33341,-2.14349,5.84818
-2.33521,-2.14123,5.84804
-2.3387,-2.13681,5.84711
-2.33939,-2.1357,5.84723
-2.34151,-2.13268,5.8471
-2.34319,-2.13048,5.84678
-2.34631,-2.12639,5.8464
-2.34799,-2.12417,5.84592
-2.35119,-2.11994,5.84529
-2.35324,-2.11727,5.84476
-2.35696,-2.11238,5.84384
-2.35878,-2.10995,5.84346
-2.36209,-2.10551,5.84277
-2.36265,-2.10446,5.84293
-2.36469,-2.10134,5.84279
-2.3428,-2.11009,5.84829
-2.3709,-2.09267,5.84157
-2.37388,-2.08847,5.84099
-2.37927,-2.08098,5.83963
-2.38092,-2.07864,5.83925
-2.38408,-2.07413,5.83855
-2.38654,-2.06981,5.83858
-2.388,-2.06764,5.83826
-2.39089,-2.06333,5.83762
-2.36865,-2.07233,5.84321
-2.39675,-2.05457,5.83637
-2.39978,-2.05001,5.83567
-2.4018,-2.04709,5.83505
-2.40505,-2.04167,5.83457
-2.40834,-2.03611,5.8341
-2.41111,-2.03172,5.83346
-2.41253,-2.02946,5.83295
-2.41532,-2.02503,5.83245
-2.41672,-2.02279,5.83216
-2.41943,-2.01842,5.83154
-2.42053,-2.01623,5.83127
-2.42406,-2.01104,5.82998
-2.42393,-2.01029,5.83035
-2.42615,-2.00663,5.83014
-2.4298,-2.00006,5.82928
-2.43151,-1.9976,5.82877
-2.43417,-1.9931,5.82795
-2.43802,-1.98649,5.82713
-2.43935,-1.98419,5.82681
-2.44209,-1.97949,5.82583
-2.44377,-1.97529,5.82597
-2.44512,-1.97289,5.82564
-2.43541,-1.97444,5.82806
-2.45136,-1.96166,5.82363
-2.45267,-1.95929,5.82345
-2.45508,-1.95485,5.82289
-2.43304,-1.96404,5.82835
-2.45826,-1.94788,5.82207
-2.46007,-1.94407,5.82183
-2.46371,-1.93715,5.82089
-2.46457,-1.93499,5.82063
-2.46728,-1.93028,5.81949
-2.47077,-1.92348,5.81868
-2.47191,-1.92121,5.81839
-2.47359,-1.91658,5.81794
-2.47644,-1.91036,5.81733
-2.47867,-1.90583,5.8167
-2.47982,-1.90346,5.81636
-2.48317,-1.89656,5.8149
-2.48537,-1.89197,5.8144
-2.48641,-1.88975,5.81411
-2.48819,-1.88568,5.81367
-2.48899,-1.88188,5.81345
-2.49229,-1.8748,5.81254
-2.49338,-1.87242,5.81222
-2.49548,-1.86781,5.81115
-2.49618,-1.86564,5.81084
-2.49859,-1.86085,5.81003
-2.49959,-1.85861,5.80986
-2.50121,-1.85452,5.80945
-2.5007,-1.85418,5.80972
-2.50277,-1.84853,5.80889
-2.5048,-1.84385,5.80831
-2.50584,-1.8414,5.80799
-2.49536,-1.84323,5.81007
-2.51071,-1.82984,5.80577
-2.51163,-1.82759,5.80547
-2.51312,-1.82355,5.80516
-2.51256,-1.82321,5.80556
-2.51368,-1.81961,5.80492
-2.51448,-1.81749,5.80459
-2.51613,-1.81315,5.80401
-2.5171,-1.81074,5.80374
-2.51893,-1.80611,5.80286
-2.5199,-1.80366,5.8023
-2.50962,-1.8054,5.80456
-2.49919,-1.80892,5.80725
-2.52489,-1.79029,5.80042
-2.52639,-1.78601,5.79946
-2.52676,-1.7841,5.79924
-2.52865,-1.77956,5.79846
-2.53008,-1.77637,5.79786
-2.53262,-1.77045,5.79663
-2.53351,-1.76807,5.79595
-2.53515,-1.76354,5.79517
-2.53598,-1.7612,5.79476
-2.53715,-1.75698,5.7943
-2.53811,-1.75471,5.79399
-2.53946,-1.75053,5.79304
-2.54012,-1.74841,5.79273
-2.54141,-1.7443,5.7921
-2.54214,-1.74206,5.79175
-2.54496,-1.73554,5.79036
-2.54741,-1.72846,5.78875
-2.5482,-1.72607,5.78833
-2.54954,-1.72175,5.78764
-2.55005,-1.71978,5.78752
-2.55126,-1.7157,5.78661
-2.55187,-1.71358,5.78629
-2.55302,-1.7095,5.78567
-2.55364,-1.7073,5.78532
-2.55685,-1.69878,5.78332
-2.55841,-1.69405,5.78237
-2.55912,-1.69174,5.78197
-2.56031,-1.68749,5.78126
-2.56072,-1.6856,5.78103
-2.56185,-1.68147,5.78005
-2.5624,-1.67937,5.77974
-2.56344,-1.67534,5.77912
-2.54085,-1.68593,5.78472
-2.55316,-1.67569,5.7811
-2.56823,-1.66035,5.77587
-2.56853,-1.65826,5.77556
-2.56991,-1.65394,5.77479
-2.57023,-1.65211,5.77455
-2.57125,-1.64797,5.77363
-2.57267,-1.64196,5.77266
-2.57313,-1.63992,5.77234
-2.57403,-1.63594,5.77169
-2.57648,-1.62801,5.76972
-2.55414,-1.63827,5.77509
-2.57857,-1.61947,5.7682
-2.57946,-1.61539,5.76724
-2.57991,-1.61333,5.76681
-2.58115,-1.60737,5.76587
-2.58192,-1.60354,5.76525
-2.58197,-1.60172,5.76497
-2.58422,-1.59441,5.76309
-2.58568,-1.58788,5.76188
-2.58644,-1.58393,5.76108
-2.58686,-1.58184,5.76039
-2.58758,-1.57801,5.7598
-2.58863,-1.57219,5.75885
-2.58968,-1.56636,5.75743
-2.59009,-1.56424,5.75709
-2.5795,-1.56594,5.75905
-2.59226,-1.55357,5.75502
-2.59262,-1.55157,5.75425
-2.59326,-1.54774,5.75363
-2.59359,-1.54572,5.7533
-2.59447,-1.54002,5.75233
-2.59469,-1.53655,5.75129
-2.59533,-1.53437,5.75087
-2.59574,-1.53089,5.75034
-2.5974,-1.52366,5.74874
-2.57501,-1.53506,5.75384
-2.59853,-1.516,5.74689
-2.59904,-1.51224,5.74625
-2.59929,-1.51035,5.74592
-2.5881,-1.51371,5.74781
-2.57732,-1.51839,5.75042
-2.60007,-1.50039,5.74388
-2.58987,-1.50186,5.74538
-2.57881,-1.50668,5.74764
-2.60246,-1.48739,5.74059
-2.6029,-1.4837,5.73994
-2.6035,-1.47828,5.73856
-2.60366,-1.47656,5.73813
-2.60347,-1.47397,5.73782
-2.60331,-1.47273,5.73773
-2.6048,-1.46553,5.73608
-2.60516,-1.46194,5.73526
-2.60536,-1.46003,5.73492
-2.59412,-1.46357,5.73765
-2.58336,-1.46836,5.74019
-2.60629,-1.44943,5.73317
-2.60592,-1.44703,5.73292
-2.60573,-1.44589,5.7331
-2.59394,-1.4499,5.73574
-2.60712,-1.43561,5.73078
-2.60725,-1.43379,5.73037
-2.60766,-1.4284,5.72967
-2.60794,-1.42327,5.72863
-2.60742,-1.42102,5.72831
-2.60716,-1.41686,5.72805
-2.60718,-1.41514,5.72775
-2.60823,-1.40838,5.72595
-2.6084,-1.40492,5.72534
-2.6085,-1.40308,5.72517
-2.5971,-1.40691,5.72754
-2.58594,-1.41215,5.73009
-2.59651,-1.40314,5.72689
-2.60759,-1.39194,5.72354
-2.58517,-1.40431,5.72918
-2.60826,-1.38402,5.72163
-2.60843,-1.3788,5.72067
-2.60848,-1.37545,5.72013
-2.60848,-1.37377,5.71971
-2.6077,-1.37187,5.71949
-2.60735,-1.37083,5.71933
-2.60716,-1.36798,5.71904
-2.60705,-1.36649,5.71887
-2.60688,-1.36352,5.71824
-2.6069,-1.36177,5.71782
-2.6075,-1.35721,5.71653
-2.60749,-1.3555,5.71613
-2.60749,-1.35219,5.71578
-2.60657,-1.34884,5.71519
-2.58391,-1.36199,5.72097
-2.59412,-1.35254,5.71794
-2.60548,-1.34077,5.71387
-2.60565,-1.33519,5.71243
-2.60579,-1.33319,5.71187
-2.59463,-1.33702,5.71446
-2.60462,-1.32683,5.71093
-2.6042,-1.3259,5.71079
-2.60369,-1.32172,5.70987
-2.60317,-1.31758,5.70924
-2.60289,-1.31471,5.70856
-2.60309,-1.31243,5.70789
-2.60317,-1.30883,5.70697
-2.60275,-1.30746,5.70698
-2.60197,-1.30591,5.7067
-2.57971,-1.31906,5.71237
-2.58973,-1.30971,5.70896
-2.60052,-1.29828,5.70527
-2.5999,-1.29423,5.70421
-2.59974,-1.29283,5.70386
-2.59966,-1.28894,5.70273
-2.59983,-1.28728,5.70238
-2.59862,-1.28616,5.70241
-2.57606,-1.29966,5.7082
-2.58667,-1.28986,5.70457
-2.59701,-1.27877,5.70077
-2.59679,-1.27744,5.70052
-2.58497,-1.28234,5.70298
-2.59577,-1.27066,5.69879
-2.59596,-1.26844,5.6981
-2.5947,-1.26745,5.69825
-2.59422,-1.26658,5.6981
-2.59374,-1.26399,5.69744
-2.59348,-1.26269,5.6971
-2.59265,-1.26047,5.69654
-2.59274,-1.25893,5.69617
-2.59223,-1.25649,5.69569
-2.59196,-1.25524,5.69537
-2.59146,-1.25281,5.69473
-2.59124,-1.25143,5.69433
-2.59003,-1.25028,5.69421
-2.58947,-1.24958,5.6942
-2.58868,-1.24581,5.6932
-2.58813,-1.2434,5.69253
-2.58786,-1.24221,5.69211
-2.58734,-1.23983,5.69169
-2.58705,-1.23863,5.69138
-2.58616,-1.23514,5.69043
-2.58478,-1.23441,5.69019
-2.58441,-1.23337,5.6902
-2.58358,-1.22975,5.68925
-2.58302,-1.22741,5.68858
-2.56089,-1.24091,5.69419
-2.57092,-1.23153,5.69067
-2.58123,-1.22058,5.68667
-2.58089,-1.21955,5.68639
-2.57913,-1.21966,5.68648
-2.57885,-1.21838,5.68599
-2.57845,-1.21573,5.68542
-2.57816,-1.21455,5.68509
-2.57757,-1.21229,5.68442
-2.57727,-1.21115,5.68405
-2.5658,-1.21633,5.68636
-2.57574,-1.20576,5.68245
-2.57537,-1.20477,5.68217
-2.57349,-1.2052,5.68244
-2.57259,-1.20486,5.68217
-2.57251,-1.202,5.68146
-2.5716,-1.19878,5.68048
-2.57129,-1.19767,5.68013
-2.57067,-1.19554,5.67913
-2.57036,-1.19447,5.67881
-2.56974,-1.19249,5.67841
-2.56738,-1.19224,5.67851
-2.56613,-1.18981,5.67747
-2.56604,-1.18829,5.67714
-2.56508,-1.18524,5.67617
-2.55364,-1.1907,5.67809
-2.54251,-1.19718,5.68096
-2.56314,-1.17935,5.67405
-2.56116,-1.18022,5.67449
-2.56059,-1.17974,5.67412
-2.5598,-1.17813,5.67341
-2.55899,-1.17495,5.67255
-2.53705,-1.18901,5.67788
-2.54661,-1.18003,5.67432
-2.55711,-1.16921,5.6702
-2.55471,-1.16937,5.67048
-2.53293,-1.18372,5.67581
-2.54196,-1.17547,5.67253
-2.55244,-1.16467,5.66856
-2.55212,-1.16377,5.66824
-2.55152,-1.1619,5.66727
-2.55121,-1.16099,5.66684
-2.55058,-1.15925,5.66605
-2.55023,-1.15844,5.66592
-2.54822,-1.15958,5.66645
-2.54769,-1.15909,5.66622
-2.54692,-1.15779,5.66538
-2.525,-1.1723,5.67118
-2.54548,-1.15472,5.66428
-2.54459,-1.15319,5.66351
-2.54461,-1.15204,5.66288
-2.54365,-1.14966,5.66173
-2.54118,-1.15045,5.66221
-2.54042,-1.1492,5.66133
-2.53969,-1.14882,5.66109
-2.53925,-1.14736,5.66037
-2.5389,-1.14667,5.66029
-2.53832,-1.14499,5.65952
-2.53772,-1.14443,5.65899
-2.53746,-1.14263,5.65809
-2.53711,-1.14193,5.65771
-2.53514,-1.14333,5.65837
-2.53469,-1.14284,5.65814
-2.53358,-1.1411,5.65692
-2.53282,-1.13999,5.65626
-2.53246,-1.13943,5.65598
-2.53177,-1.13826,5.6556
-2.53158,-1.13729,5.65485
-2.53098,-1.13588,5.65408
-2.53066,-1.13526,5.65371
-2.52829,-1.13628,5.65403
-2.52761,-1.13522,5.65313
-2.52724,-1.13467,5.65279
-2.52616,-1.13318,5.65181
-2.52518,-1.13238,5.6515
-2.52517,-1.13163,5.6509
-2.52466,-1.13025,5.65002
-2.52432,-1.12968,5.64965
-2.5224,-1.13134,5.65003
