ceres_tukey_x,ceres_tukey_y,ceres_tukey_theta
-0.0175816,-2.01744,6.20875
-0.0177201,-2.0188,6.20826
-0.0180195,-2.0216,6.20726
-0.0183497,-2.02444,6.20625
-0.0184921,-2.02593,6.20591
-0.0186404,-2.02743,6.20558
-0.0187984,-2.02893,6.20524
-0.0189606,-2.03044,6.2049
-0.0191371,-2.03198,6.20455
-0.019314,-2.03347,6.20422
-0.0195011,-2.03499,6.20387
-0.019694,-2.03651,6.20353
-0.0198961,-2.03803,6.20318
-0.0203631,-2.04106,6.20234
-0.020591,-2.0426,6.20199
-0.0208296,-2.04415,6.20164
-0.0213648,-2.04723,6.20079
-0.0216369,-2.04882,6.20043
-0.0219115,-2.05037,6.20008
-0.0222022,-2.05195,6.19973
-0.0225025,-2.05353,6.19937
-0.0231475,-2.05667,6.19851
-0.0238254,-2.05983,6.19765
-0.0245371,-2.06301,6.19679
-0.0248968,-2.0646,6.19643
-0.0252678,-2.0662,6.19606
-0.0260549,-2.06942,6.1952
-0.0264555,-2.07102,6.19483
-0.0268645,-2.07263,6.19445
-0.027723,-2.07588,6.19358
-0.0286187,-2.07916,6.1927
-0.0290713,-2.08079,6.19232
-0.0295326,-2.08243,6.19194
-0.031029,-2.08737,6.19046
-0.0315673,-2.08898,6.18997
-0.032116,-2.0906,6.18948
-0.0326733,-2.09222,6.18899
-0.0337892,-2.09556,6.18799
-0.0349413,-2.09893,6.18699
-0.0355551,-2.10062,6.18647
-0.0361512,-2.10224,6.18597
-0.0367818,-2.10394,6.18545
-0.0373966,-2.10557,6.18494
-0.0386589,-2.10901,6.18392
-0.0393144,-2.11067,6.18339
-0.0399779,-2.11235,6.18286
-0.0406642,-2.11407,6.18231
-0.0413366,-2.11572,6.18178
-0.0427119,-2.11923,6.18074
-0.0434279,-2.12093,6.18019
-0.0441662,-2.12267,6.17962
-0.0448833,-2.12434,6.17907
-0.0456268,-2.12608,6.17851
-0.0471328,-2.12972,6.17743
-0.0486461,-2.13331,6.17636
-0.0502127,-2.13695,6.17528
-0.051821,-2.14062,6.17419
-0.0534693,-2.14431,6.17309
-0.0543193,-2.14611,6.17249
-0.0551811,-2.14791,6.17189
-0.0569162,-2.15165,6.17077
-0.0578116,-2.15344,6.17015
-0.058716,-2.15524,6.16953
-0.0596283,-2.15704,6.16889
-0.061465,-2.16083,6.16776
-0.0624097,-2.16265,6.16711
-0.0643128,-2.16648,6.16596
-0.0662576,-2.17033,6.1648
-0.067255,-2.17219,6.16413
-0.0682666,-2.17405,6.16346
-0.0703009,-2.17796,6.16228
-0.0713489,-2.17983,6.16159
-0.0734409,-2.18388,6.16055
-0.074492,-2.18584,6.16002
-0.0755317,-2.18775,6.1595
-0.0765996,-2.18972,6.15896
-0.0776838,-2.19168,6.15842
-0.0787783,-2.19364,6.15787
-0.0798823,-2.19561,6.15731
-0.0809958,-2.19758,6.15675
-0.0832672,-2.20167,6.15569
-0.0855858,-2.20577,6.15461
-0.086757,-2.20775,6.15403
-0.087938,-2.20973,6.15345
-0.089134,-2.21172,6.15286
-0.090335,-2.2137,6.15226
-0.0927865,-2.21785,6.15115
-0.0940177,-2.21984,6.15054
-0.0952602,-2.22184,6.14993
-0.0977983,-2.22601,6.1488
-0.0990353,-2.2281,6.14836
-0.100285,-2.23018,6.14791
-0.101547,-2.23227,6.14747
-0.102821,-2.23436,6.14701
-0.105461,-2.23865,6.14605
-0.106767,-2.24074,6.14559
-0.108086,-2.24284,6.14512
-0.110822,-2.24714,6.14414
-0.113608,-2.25145,6.14315
-0.116442,-2.25576,6.14216
-0.117847,-2.25786,6.14166
-0.119261,-2.25996,6.14116
-0.122218,-2.26435,6.14014
-0.123641,-2.26641,6.13963
-0.12511,-2.26852,6.13911
-0.128133,-2.27288,6.13808
-0.131234,-2.27729,6.13704
-0.132716,-2.27937,6.13651
-0.134242,-2.28149,6.13596
-0.13578,-2.28362,6.13541
-0.137329,-2.28575,6.13485
-0.140539,-2.29016,6.13378
-0.143761,-2.29466,6.1329
-0.147036,-2.29915,6.13201
-0.148704,-2.30145,6.1316
-0.150247,-2.30357,6.13123
-0.151874,-2.30579,6.13083
-0.153548,-2.30805,6.13042
-0.156933,-2.31248,6.12952
-0.158607,-2.31468,6.12911
-0.160296,-2.31688,6.12869
-0.163818,-2.32135,6.12777
-0.165542,-2.32354,6.12734
-0.167318,-2.32578,6.1269
-0.170904,-2.33021,6.12597
-0.172681,-2.33241,6.12553
-0.174467,-2.33461,6.12509
-0.178222,-2.33913,6.12412
-0.179972,-2.34137,6.12386
-0.181775,-2.34364,6.12359
-0.183595,-2.3459,6.12331
-0.185428,-2.34815,6.12303
-0.189269,-2.35267,6.12225
-0.193163,-2.35718,6.12146
-0.19506,-2.35943,6.12117
-0.19697,-2.36167,6.12087
-0.19889,-2.3639,6.12058
-0.200824,-2.36613,6.12028
-0.204864,-2.37059,6.11947
-0.206834,-2.37281,6.11917
-0.208817,-2.37503,6.11886
-0.212961,-2.37947,6.11805
-0.214985,-2.38169,6.11773
-0.217049,-2.38385,6.11732
-0.219127,-2.38601,6.11691
-0.221216,-2.38816,6.11649
-0.223316,-2.39029,6.11607
-0.227658,-2.39464,6.11514
-0.229793,-2.39677,6.11471
-0.231986,-2.39894,6.11426
-0.236377,-2.40322,6.11333
-0.238558,-2.40534,6.11289
-0.243065,-2.40966,6.11194
-0.247625,-2.41397,6.11098
-0.252234,-2.41827,6.11002
-0.254503,-2.42038,6.10956
-0.256784,-2.42249,6.10909
-0.259078,-2.4246,6.10862
-0.261428,-2.42674,6.10813
-0.266132,-2.43097,6.10716
-0.270932,-2.43524,6.10618
-0.273295,-2.43733,6.10569
-0.275672,-2.43942,6.10519
-0.278061,-2.4415,6.10469
-0.280464,-2.44358,6.10419
-0.28288,-2.44567,6.10369
-0.285307,-2.44775,6.10318
-0.287746,-2.44984,6.10266
-0.290196,-2.45192,6.10214
-0.292661,-2.454,6.10162
-0.295139,-2.45607,6.1011
-0.29763,-2.45815,6.10057
-0.300134,-2.46022,6.10003
-0.302702,-2.46232,6.09948
-0.305177,-2.46434,6.09895
-0.310376,-2.46853,6.09791
-0.312939,-2.47057,6.09735
-0.315514,-2.47262,6.0968
-0.320789,-2.47685,6.09589
-0.32338,-2.47894,6.09548
-0.325984,-2.48104,6.09507
-0.328601,-2.48314,6.09465
-0.331229,-2.48522,6.09424
-0.333872,-2.4873,6.09381
-0.336526,-2.48937,6.09339
-0.341998,-2.49354,6.09246
-0.344691,-2.49562,6.09203
-0.350235,-2.49976,6.0911
-0.35296,-2.50183,6.09066
-0.355698,-2.50389,6.09022
-0.358505,-2.50599,6.08977
-0.364108,-2.51005,6.08883
-0.366892,-2.51209,6.08838
-0.369687,-2.51413,6.08793
-0.372493,-2.51616,6.08748
-0.375314,-2.51819,6.08702
-0.381099,-2.52231,6.08625
-0.383933,-2.52441,6.08597
-0.386781,-2.52649,6.0857
-0.392662,-2.53056,6.08492
-0.395543,-2.53262,6.08465
-0.398434,-2.53467,6.08437
-0.401403,-2.53676,6.08409
-0.404258,-2.53875,6.08382
-0.40719,-2.54079,6.08355
-0.410132,-2.54282,6.08327
-0.416201,-2.54677,6.08249
-0.419177,-2.54878,6.08222
-0.422164,-2.55077,6.08194
-0.428321,-2.55464,6.08116
-0.434526,-2.55847,6.08039
-0.437579,-2.56042,6.08011
-0.440645,-2.56236,6.07984
-0.44372,-2.56429,6.07956
-0.450044,-2.56803,6.07879
-0.453155,-2.56993,6.07852
-0.456279,-2.57181,6.07824
-0.459418,-2.5737,6.07797
-0.462575,-2.57558,6.07769
-0.465743,-2.57746,6.07742
-0.468988,-2.57935,6.07713
-0.472114,-2.58115,6.07687
-0.478648,-2.58472,6.0761
-0.485229,-2.58825,6.07533
-0.488477,-2.59005,6.07506
-0.491738,-2.59183,6.07479
-0.498403,-2.59528,6.07402
-0.505109,-2.5987,6.07325
-0.508426,-2.60045,6.07299
-0.511756,-2.60218,6.07272
-0.515092,-2.6039,6.07246
-0.51844,-2.60561,6.0722
-0.521793,-2.6073,6.07193
-0.525156,-2.60898,6.07167
-0.528529,-2.61065,6.07141
-0.531911,-2.61231,6.07115
-0.538812,-2.61551,6.07039
-0.542226,-2.61715,6.07013
-0.54565,-2.61877,6.06988
-0.549086,-2.62038,6.06962
-0.552533,-2.62197,6.06937
-0.559548,-2.62503,6.06861
-0.563013,-2.62659,6.06836
-0.56657,-2.62813,6.06805
-0.569995,-2.62961,6.06775
-0.57357,-2.63112,6.06744
-0.57701,-2.63257,6.06714
-0.580603,-2.63405,6.06683
-0.591333,-2.63824,6.06554
-0.594892,-2.63966,6.06523
-0.60213,-2.64241,6.06443
-0.605714,-2.6438,6.06413
-0.60931,-2.64516,6.06383
-0.616691,-2.64785,6.06302
-0.620239,-2.64917,6.06273
-0.623869,-2.6505,6.06243
-0.631249,-2.65308,6.06163
-0.634907,-2.65439,6.06134
-0.638651,-2.65571,6.06103
-0.646025,-2.65819,6.06025
-0.653506,-2.66065,6.05945
-0.657219,-2.6619,6.05916
-0.660941,-2.66313,6.05887
-0.664671,-2.66436,6.05859
-0.668486,-2.66559,6.05829
-0.672156,-2.66677,6.05801
-0.675911,-2.66795,6.05773
-0.679677,-2.66912,6.05744
-0.683529,-2.6703,6.05715
-0.687231,-2.67142,6.05688
-0.691018,-2.67254,6.0566
-0.698689,-2.6747,6.05582
-0.702502,-2.6758,6.05554
-0.706399,-2.67691,6.05526
-0.714049,-2.67896,6.05449
-0.71789,-2.68,6.05422
-0.721741,-2.68104,6.05395
-0.725612,-2.68201,6.0536
-0.729491,-2.68298,6.05324
-0.733455,-2.68394,6.05287
-0.737504,-2.68491,6.0525
-0.741164,-2.68578,6.05217
-0.745068,-2.68669,6.05182
-0.752945,-2.68846,6.05097
-0.75687,-2.68934,6.05062
-0.760808,-2.69019,6.05022
-0.764752,-2.69102,6.04982
-0.768703,-2.69185,6.04943
-0.776659,-2.69345,6.04853
-0.780638,-2.69417,6.04804
-0.784624,-2.69489,6.04754
-0.792645,-2.69634,6.04655
-0.796653,-2.69703,6.04605
-0.800664,-2.6977,6.04555
-0.804674,-2.69835,6.04505
-0.80869,-2.69899,6.04455
-0.812708,-2.69961,6.04405
-0.81673,-2.70021,6.04355
-0.820759,-2.70081,6.04305
-0.824791,-2.7014,6.04254
-0.832913,-2.70262,6.04154
-0.837044,-2.7032,6.04102
-0.841015,-2.70374,6.04052
-0.845156,-2.70429,6.04
-0.853248,-2.7054,6.039
-0.857322,-2.70591,6.03848
-0.861404,-2.70641,6.03797
-0.865491,-2.70691,6.03745
-0.869581,-2.70739,6.03693
-0.873674,-2.70787,6.03642
-0.882003,-2.70887,6.03539
-0.890183,-2.7098,6.03437
-0.894385,-2.71025,6.03384
-0.898427,-2.71067,6.03332
-0.902557,-2.71109,6.0328
-0.906705,-2.71142,6.03215
-0.91086,-2.71175,6.03149
-0.91502,-2.71208,6.03084
-0.923381,-2.71281,6.02967
-0.927559,-2.71311,6.02901
-0.931741,-2.71339,6.02835
-0.940224,-2.71406,6.02717
-0.944333,-2.71431,6.02651
-0.948526,-2.71455,6.02583
-0.956957,-2.71513,6.02465
-0.961164,-2.71535,6.02397
-0.965375,-2.71555,6.02329
-0.973844,-2.71607,6.0221
-0.978072,-2.71626,6.02141
-0.982305,-2.71644,6.02072
-0.990806,-2.71694,6.01966
-0.995046,-2.71715,6.0191
-0.999296,-2.71735,6.01854
-1.00355,-2.71753,6.01798
-1.00781,-2.71772,6.01742
-1.01636,-2.7181,6.01635
-1.02063,-2.71825,6.01578
-1.0249,-2.71839,6.01522
-1.02918,-2.71852,6.01465
-1.03345,-2.71863,6.01408
-1.04213,-2.71888,6.01299
-1.05065,-2.71908,6.01193
-1.05927,-2.71926,6.01085
-1.0679,-2.71938,6.00977
-1.07655,-2.71946,6.00869
-1.08085,-2.71944,6.00811
-1.08516,-2.71942,6.00752
-1.09382,-2.7194,6.00643
-1.09814,-2.71933,6.00584
-1.10255,-2.71927,6.00524
-1.10679,-2.71925,6.00481
-1.11113,-2.71923,6.00437
-1.11983,-2.71913,6.00343
-1.12418,-2.71906,6.00299
-1.12861,-2.71898,6.00255
-1.13287,-2.71888,6.00212
-1.13731,-2.71877,6.00167
-1.14158,-2.71865,6.00124
-1.14594,-2.71853,6.0008
-1.15039,-2.71838,6.00034
-1.15475,-2.71822,5.9999
-1.16342,-2.71787,5.99897
-1.1678,-2.71768,5.99853
-1.17226,-2.71747,5.99808
-1.18095,-2.71702,5.99714
-1.18534,-2.71678,5.9967
-1.18972,-2.71653,5.99626
-1.19411,-2.71626,5.99582
-1.19851,-2.71598,5.99538
-1.20739,-2.71537,5.99443
-1.21179,-2.71505,5.99398
-1.21609,-2.71473,5.99355
-1.2249,-2.71401,5.99261
-1.2293,-2.71364,5.99217
-1.2337,-2.71325,5.99173
-1.23819,-2.71284,5.99128
-1.2425,-2.71244,5.99085
-1.24691,-2.71202,5.9904
-1.25132,-2.71158,5.98996
-1.26023,-2.71066,5.98901
-1.26456,-2.71021,5.98858
-1.26897,-2.70974,5.98814
-1.27348,-2.70925,5.98769
-1.27781,-2.70876,5.98727
-1.28664,-2.7077,5.98633
-1.29547,-2.70658,5.98539
-1.29989,-2.70601,5.98496
-1.30871,-2.70481,5.98402
-1.31312,-2.70418,5.98359
-1.32193,-2.70288,5.98265
-1.33075,-2.70151,5.98172
-1.33515,-2.70081,5.98128
-1.33956,-2.7001,5.98085
-1.34837,-2.69864,5.97991
-1.35277,-2.69789,5.97948
-1.35717,-2.69712,5.97905
-1.36157,-2.69635,5.97861
-1.36596,-2.69555,5.97818
-1.37475,-2.69392,5.97724
-1.38353,-2.69223,5.97631
-1.38792,-2.69137,5.97587
-1.3923,-2.69049,5.97544
-1.39669,-2.6896,5.975
-1.40107,-2.68869,5.97457
-1.40545,-2.68776,5.97413
-1.40982,-2.68682,5.9737
-1.41867,-2.68489,5.97275
-1.42295,-2.68393,5.97232
-1.42732,-2.68294,5.97189
-1.43179,-2.68192,5.97144
-1.43607,-2.68093,5.97101
-1.44481,-2.67882,5.97001
-1.44918,-2.67773,5.9695
-1.45354,-2.67663,5.96899
-1.46226,-2.67442,5.96798
-1.46661,-2.67327,5.96747
-1.47096,-2.6721,5.96696
-1.47531,-2.67093,5.96645
-1.484,-2.6686,5.96543
-1.48844,-2.66738,5.9649
-1.49703,-2.66501,5.9639
-1.5057,-2.66258,5.96288
-1.51004,-2.66133,5.96236
-1.51437,-2.66006,5.96184
-1.51871,-2.65878,5.96132
-1.52303,-2.65749,5.96079
-1.52735,-2.65619,5.96027
-1.53166,-2.65487,5.95974
-1.54028,-2.65223,5.95872
-1.54458,-2.65087,5.95819
-1.55317,-2.64816,5.95716
-1.55746,-2.64676,5.95663
-1.56603,-2.64397,5.95559
-1.5703,-2.64253,5.95506
-1.57466,-2.64105,5.95451
-1.57893,-2.6396,5.95397
-1.58311,-2.63817,5.95344
-1.58737,-2.63669,5.9529
-1.59163,-2.6352,5.95235
-1.60013,-2.63214,5.95116
-1.60437,-2.63054,5.95047
-1.6086,-2.62893,5.94977
-1.61302,-2.62732,5.94924
-1.61709,-2.62583,5.94874
-1.62133,-2.62427,5.94822
-1.62557,-2.62269,5.94769
-1.6298,-2.6211,5.94717
-1.63411,-2.61947,5.94664
-1.63825,-2.61788,5.94612
-1.64247,-2.61626,5.94559
-1.64668,-2.61463,5.94506
-1.6509,-2.61298,5.94453
-1.65931,-2.60972,5.9435
-1.6635,-2.60795,5.9428
-1.67188,-2.60453,5.9416
-1.67606,-2.60273,5.9409
-1.68024,-2.60093,5.9402
-1.68442,-2.59912,5.93949
-1.6887,-2.59734,5.93895
-1.69696,-2.59394,5.93793
-1.70114,-2.59216,5.9374
-1.70945,-2.58865,5.93637
-1.71361,-2.58685,5.93584
-1.71785,-2.58499,5.93529
-1.72604,-2.58142,5.93426
-1.73429,-2.57778,5.93322
-1.7385,-2.57586,5.93267
-1.74253,-2.57401,5.93214
-1.75073,-2.57027,5.93109
-1.75483,-2.56835,5.93054
-1.75892,-2.56642,5.92999
-1.76707,-2.5626,5.92894
-1.77114,-2.56063,5.92838
-1.77924,-2.55673,5.92733
-1.78337,-2.55469,5.92676
-1.79145,-2.55074,5.92569
-1.79541,-2.54876,5.92514
-1.79944,-2.54671,5.92457
-1.80347,-2.54467,5.92399
-1.80756,-2.54257,5.92341
-1.8115,-2.54053,5.92284
-1.81558,-2.5384,5.92225
-1.82348,-2.53434,5.92118
-1.82747,-2.53222,5.92059
-1.83145,-2.53012,5.92004
-1.83938,-2.52594,5.91899
-1.84334,-2.52379,5.91844
-1.84729,-2.52164,5.91789
-1.85124,-2.51948,5.91733
-1.85519,-2.5173,5.91677
-1.85912,-2.51511,5.91621
-1.86305,-2.51291,5.91565
-1.87477,-2.50645,5.91409
-1.87867,-2.50421,5.91352
-1.88256,-2.50197,5.91295
-1.88645,-2.49971,5.91238
-1.8904,-2.4974,5.9118
-1.89419,-2.49516,5.91124
-1.89805,-2.49288,5.91066
-1.90199,-2.49055,5.91007
-1.9096,-2.48608,5.909
-1.91343,-2.48377,5.90842
-1.91727,-2.48145,5.90784
-1.9211,-2.47913,5.90725
-1.92492,-2.47679,5.90667
-1.93252,-2.47218,5.90558
-1.93631,-2.46981,5.90499
-1.94009,-2.46743,5.9044
-1.94386,-2.46504,5.9038
-1.9477,-2.4626,5.9032
-1.95141,-2.46031,5.90279
-1.95525,-2.45791,5.90235
-1.95893,-2.45559,5.90194
-1.96268,-2.45322,5.90152
-1.96642,-2.45083,5.90109
-1.97023,-2.44839,5.90066
-1.97757,-2.44365,5.89974
-1.98128,-2.44122,5.89932
-1.98506,-2.43874,5.89888
-1.98868,-2.43634,5.89846
-1.99236,-2.43388,5.89804
-1.99603,-2.4314,5.89761
-1.9997,-2.42892,5.89718
-2.00335,-2.42641,5.89676
-2.00698,-2.4239,5.89633
-2.0106,-2.42136,5.8959
-2.01422,-2.41882,5.89547
-2.02138,-2.41367,5.8944
-2.02494,-2.41101,5.89383
-2.0285,-2.40835,5.89325
-2.03204,-2.40568,5.89268
-2.03563,-2.40291,5.89202
-2.04262,-2.39775,5.89105
-2.04614,-2.39507,5.89057
-2.04972,-2.39234,5.89008
-2.06012,-2.38453,5.8886
-2.06359,-2.38181,5.88811
-2.06705,-2.37909,5.88762
-2.0705,-2.37637,5.88713
-2.07395,-2.37363,5.88663
-2.07738,-2.3709,5.88614
-2.08081,-2.36816,5.88564
-2.08429,-2.36536,5.88513
-2.08762,-2.36265,5.88464
-2.09101,-2.35988,5.88413
-2.0944,-2.35711,5.88363
-2.09777,-2.35434,5.88312
-2.10783,-2.34615,5.88161
-2.11116,-2.34335,5.88109
-2.11448,-2.34054,5.88058
-2.1178,-2.33772,5.88006
-2.12109,-2.33489,5.87954
-2.12438,-2.33205,5.87902
-2.13099,-2.32639,5.87798
-2.13743,-2.3208,5.87696
-2.14389,-2.31513,5.87592
-2.14709,-2.31223,5.87539
-2.15029,-2.30933,5.87485
-2.15667,-2.30361,5.87381
-2.15983,-2.30068,5.87326
-2.16299,-2.29775,5.87271
-2.16613,-2.29481,5.87216
-2.16926,-2.29186,5.87161
-2.17237,-2.2889,5.87105
-2.17548,-2.28594,5.8705
-2.17859,-2.28298,5.86994
-2.18174,-2.27996,5.86936
-2.18785,-2.27417,5.86831
-2.19097,-2.27113,5.86773
-2.19402,-2.26815,5.86715
-2.19699,-2.26521,5.86659
-2.20001,-2.2622,5.86601
-2.20603,-2.25629,5.86493
-2.20901,-2.25326,5.86434
-2.21198,-2.25023,5.86375
-2.21494,-2.24719,5.86316
-2.21794,-2.24409,5.86256
-2.22376,-2.23814,5.86142
-2.22668,-2.23512,5.86094
-2.23,-2.23168,5.86039
-2.2325,-2.22905,5.85998
-2.23538,-2.22601,5.85949
-2.24116,-2.22001,5.85851
-2.24401,-2.21696,5.85801
-2.24977,-2.21087,5.85701
-2.25253,-2.20786,5.85652
-2.25817,-2.20179,5.85552
-2.26095,-2.19871,5.85502
-2.26371,-2.19561,5.85451
-2.26926,-2.18951,5.8535
-2.27199,-2.1864,5.85298
-2.27471,-2.18329,5.85246
-2.28017,-2.17715,5.85144
-2.28285,-2.17402,5.85092
-2.28552,-2.17089,5.85039
-2.28818,-2.16775,5.84986
-2.29082,-2.1646,5.84932
-2.29345,-2.16144,5.84879
-2.29612,-2.15822,5.84824
-2.30132,-2.15207,5.8472
-2.30653,-2.14583,5.84615
-2.3117,-2.13959,5.84509
-2.31424,-2.1364,5.84453
-2.31675,-2.1332,5.84397
-2.32182,-2.12693,5.8429
-2.3243,-2.12373,5.84232
-2.3293,-2.11744,5.84124
-2.33175,-2.11423,5.84066
-2.33669,-2.10792,5.83957
-2.3391,-2.10469,5.83895
-2.34154,-2.1014,5.83831
-2.34638,-2.09506,5.83718
-2.34869,-2.09188,5.83656
-2.35104,-2.08865,5.83592
-2.35337,-2.08541,5.83527
-2.3557,-2.08218,5.83463
-2.35801,-2.07895,5.83398
-2.36036,-2.07566,5.83331
-2.36261,-2.07249,5.83266
-2.36489,-2.06926,5.832
-2.36715,-2.06602,5.83133
-2.3694,-2.06279,5.83066
-2.37164,-2.05955,5.82998
-2.37387,-2.05631,5.8293
-2.3761,-2.05309,5.82862
-2.37831,-2.04985,5.82793
-2.38052,-2.04663,5.82724
-2.38499,-2.0403,5.82604
-2.38716,-2.03707,5.82533
-2.39157,-2.03075,5.82412
-2.39371,-2.02753,5.8234
-2.39588,-2.02424,5.82267
-2.40019,-2.01804,5.82161
-2.40232,-2.01487,5.82104
-2.40448,-2.01177,5.82066
-2.40667,-2.0086,5.82026
-2.40877,-2.00556,5.81989
-2.41304,-1.99935,5.819
-2.41514,-1.99624,5.81861
-2.41724,-1.99313,5.81822
-2.42143,-1.9869,5.81733
-2.4256,-1.9806,5.81643
-2.42761,-1.97753,5.81604
-2.42964,-1.9744,5.81565
-2.43165,-1.97126,5.81525
-2.43366,-1.96812,5.81485
-2.43565,-1.96498,5.81445
-2.43762,-1.96183,5.81404
-2.43958,-1.95867,5.81364
-2.44153,-1.95551,5.81323
-2.44542,-1.94919,5.81232
-2.44738,-1.94597,5.8119
-2.44925,-1.94286,5.8115
-2.45304,-1.93653,5.81058
-2.45491,-1.93335,5.81016
-2.45677,-1.93018,5.80974
-2.46046,-1.92384,5.80882
-2.46229,-1.92066,5.8084
-2.4641,-1.91748,5.80798
-2.46771,-1.91113,5.80705
-2.46948,-1.90795,5.80662
-2.47124,-1.90476,5.8062
-2.473,-1.90157,5.80576
-2.47474,-1.89838,5.80533
-2.47821,-1.89202,5.80439
-2.48162,-1.88564,5.80346
-2.4833,-1.88245,5.80302
-2.48497,-1.87925,5.80257
-2.48828,-1.87287,5.80163
-2.48993,-1.8696,5.80117
-2.4915,-1.86645,5.80073
-2.49633,-1.85689,5.79928
-2.49789,-1.85368,5.79882
-2.49943,-1.85048,5.79837
-2.501,-1.8472,5.7979
-2.50403,-1.84087,5.79695
-2.50552,-1.83765,5.79648
-2.50698,-1.83443,5.79601
-2.50994,-1.82803,5.79504
-2.51284,-1.82163,5.79406
-2.5143,-1.81828,5.79356
-2.51563,-1.81517,5.79309
-2.51701,-1.81194,5.79261
-2.51836,-1.80871,5.79212
-2.51971,-1.80548,5.79162
-2.52105,-1.80225,5.79112
-2.5224,-1.79896,5.79061
-2.52372,-1.79574,5.7901
-2.52634,-1.78942,5.7891
-2.5276,-1.78619,5.78858
-2.52886,-1.78297,5.78806
-2.53143,-1.77661,5.78704
-2.53265,-1.77339,5.78651
-2.53386,-1.77017,5.78597
-2.53505,-1.76696,5.78544
-2.53624,-1.76375,5.78489
-2.53741,-1.76054,5.78435
-2.53858,-1.75734,5.7838
-2.53973,-1.75414,5.78324
-2.54086,-1.75094,5.78268
-2.54198,-1.74775,5.78212
-2.54313,-1.7445,5.78154
-2.54422,-1.74138,5.78098
-2.54533,-1.73821,5.7804
-2.54759,-1.73195,5.77932
-2.54866,-1.72878,5.77873
-2.54971,-1.72562,5.77814
-2.55075,-1.72246,5.77755
-2.5518,-1.71924,5.77694
-2.55278,-1.71615,5.77634
-2.55378,-1.713,5.77573
-2.55478,-1.7098,5.77511
-2.55572,-1.70672,5.7745
-2.55668,-1.70359,5.77388
-2.55763,-1.70046,5.77325
-2.55858,-1.69728,5.77261
-2.55948,-1.69421,5.77198
-2.56038,-1.6911,5.77134
-2.56132,-1.68804,5.77086
-2.56325,-1.68199,5.76987
-2.56414,-1.67894,5.76938
-2.56502,-1.6759,5.76889
-2.56589,-1.67286,5.76839
-2.56677,-1.66976,5.76788
-2.5676,-1.66679,5.76739
-2.56843,-1.66376,5.76688
-2.56926,-1.66074,5.76637
-2.57099,-1.65476,5.76536
-2.57178,-1.65175,5.76484
-2.57258,-1.64869,5.76431
-2.57333,-1.64575,5.7638
-2.57409,-1.64276,5.76327
-2.57485,-1.63978,5.76274
-2.57559,-1.63679,5.76221
-2.57632,-1.63382,5.76167
-2.57703,-1.63085,5.76112
-2.57774,-1.62789,5.76058
-2.57925,-1.62203,5.75952
-2.57993,-1.61909,5.75897
-2.5806,-1.61615,5.75841
-2.58126,-1.61322,5.75785
-2.58191,-1.6103,5.75728
-2.58332,-1.60452,5.75621
-2.58395,-1.60162,5.75564
-2.58462,-1.59879,5.75526
-2.58601,-1.59313,5.75437
-2.58668,-1.59026,5.75397
-2.58731,-1.58751,5.7536
-2.58863,-1.58188,5.75271
-2.58925,-1.57908,5.75232
-2.5905,-1.57347,5.75142
-2.59109,-1.57069,5.75103
-2.59166,-1.56791,5.75064
-2.59223,-1.56513,5.75024
-2.59339,-1.5595,5.74934
-2.59451,-1.55395,5.74844
-2.59502,-1.55125,5.74805
-2.59553,-1.5485,5.74765
-2.59658,-1.54298,5.74675
-2.59759,-1.53749,5.74585
-2.59806,-1.53476,5.74544
-2.59851,-1.53204,5.74504
-2.59946,-1.52652,5.74412
-2.59988,-1.52387,5.74373
-2.6003,-1.52117,5.74332
-2.60071,-1.51847,5.74291
-2.60155,-1.51301,5.74199
-2.60192,-1.51038,5.74159
-2.6023,-1.50771,5.74118
-2.60267,-1.50505,5.74077
-2.60343,-1.4997,5.73986
-2.60377,-1.49705,5.73944
-2.60411,-1.49435,5.73902
-2.60478,-1.4891,5.73811
-2.60507,-1.48646,5.7377
-2.60535,-1.48383,5.73728
-2.60566,-1.48124,5.73699
-2.60597,-1.47861,5.73668
-2.60656,-1.47344,5.7359
-2.60683,-1.47087,5.73561
-2.60711,-1.4683,5.73531
-2.60765,-1.46313,5.73452
-2.60815,-1.45797,5.73373
-2.60838,-1.45543,5.73345
-2.60861,-1.45284,5.73315
-2.60883,-1.45036,5.73287
-2.60904,-1.44784,5.73258
-2.60944,-1.44273,5.7318
-2.60962,-1.44021,5.73152
-2.6098,-1.4377,5.73123
-2.60997,-1.4352,5.73095
-2.61013,-1.4327,5.73067
-2.61041,-1.42765,5.72989
-2.61053,-1.42516,5.72961
-2.61065,-1.42268,5.72933
-2.61086,-1.41766,5.72855
-2.61096,-1.4152,5.72828
-2.61109,-1.41013,5.72741
-2.61113,-1.40764,5.72706
-2.61121,-1.40265,5.7262
-2.61126,-1.39774,5.72536
-2.61125,-1.39528,5.725
-2.61124,-1.39283,5.72464
-2.61123,-1.38792,5.72379
-2.61119,-1.38549,5.72343
-2.61115,-1.38306,5.72308
-2.6111,-1.38065,5.72272
-2.61104,-1.37824,5.72236
-2.61093,-1.37342,5.7215
-2.61086,-1.37103,5.72114
-2.61079,-1.36866,5.72079
-2.61064,-1.36391,5.71993
-2.61046,-1.35918,5.71907
-2.61036,-1.35684,5.71872
-2.61025,-1.35451,5.71836
-2.61012,-1.35218,5.71801
-2.60999,-1.34986,5.71765
-2.60986,-1.34755,5.71729
-2.60972,-1.34524,5.71694
-2.60952,-1.34284,5.71646
-2.60932,-1.34053,5.71599
-2.60912,-1.33818,5.71551
-2.60891,-1.33585,5.71504
-2.60852,-1.33124,5.71406
-2.6083,-1.32893,5.71357
-2.60807,-1.32659,5.71308
-2.60764,-1.3221,5.71211
-2.60718,-1.31756,5.71111
-2.60693,-1.31536,5.71063
-2.60667,-1.31311,5.71014
-2.60616,-1.30869,5.70915
-2.60587,-1.30644,5.70865
-2.60559,-1.30428,5.70816
-2.60503,-1.2999,5.70716
-2.60446,-1.29565,5.70617
-2.60416,-1.2935,5.70567
-2.60385,-1.29137,5.70517
-2.60353,-1.28924,5.70467
-2.60321,-1.28712,5.70417
-2.60288,-1.28502,5.70367
-2.60258,-1.28292,5.70324
-2.60197,-1.27887,5.70234
-2.60133,-1.27476,5.70141
-2.60102,-1.27276,5.701
-2.60071,-1.2708,5.7006
-2.60038,-1.26881,5.70018
-2.60005,-1.26683,5.69977
-2.59971,-1.26486,5.69936
-2.59936,-1.2629,5.69894
-2.59864,-1.25898,5.69803
-2.59828,-1.25701,5.69761
-2.59793,-1.25513,5.6972
-2.59717,-1.25124,5.69628
-2.5968,-1.24938,5.69588
-2.59642,-1.24749,5.69547
-2.59598,-1.24553,5.6949
-2.59554,-1.24358,5.69433
-2.59509,-1.24165,5.69377
-2.59464,-1.23972,5.69319
-2.59419,-1.2378,5.69262
-2.59373,-1.2359,5.69205
-2.59327,-1.23401,5.69147
-2.59279,-1.23213,5.69089
-2.59231,-1.23026,5.69031
-2.59182,-1.2284,5.68973
-2.59132,-1.22651,5.68913
-2.59039,-1.22295,5.68805
-2.58988,-1.22113,5.68746
-2.58938,-1.21934,5.68687
-2.58887,-1.21755,5.68627
-2.58836,-1.21578,5.68568
-2.58739,-1.21233,5.68458
-2.58687,-1.21059,5.68397
-2.58634,-1.20886,5.68337
-2.58581,-1.20714,5.68276
-2.58481,-1.20381,5.68164
-2.58427,-1.2021,5.68102
-2.58374,-1.20047,5.68041
-2.58273,-1.19724,5.67928
-2.58218,-1.19561,5.67866
-2.58163,-1.194,5.67803
-2.58109,-1.1924,5.6774
-2.58055,-1.19081,5.67676
-2.58,-1.18924,5.67613
-2.57945,-1.18768,5.67549
-2.57891,-1.18614,5.67484
-2.57837,-1.18461,5.6742
-2.57733,-1.18165,5.67305
-2.57678,-1.18016,5.67239
-2.57622,-1.17866,5.67173
-2.57567,-1.17722,5.67108
-2.57511,-1.17578,5.67042
-2.57408,-1.17298,5.66925
-2.57353,-1.17157,5.66859
-2.57298,-1.17017,5.66791
-2.57242,-1.16878,5.66724
-2.57186,-1.16741,5.66656
-2.57083,-1.16477,5.66538
-2.56985,-1.16223,5.66439
-2.56935,-1.16099,5.6639
-2.56886,-1.15975,5.66341
-2.56789,-1.1573,5.66242
-2.56739,-1.15609,5.66193
-2.56641,-1.15369,5.66093
-2.56592,-1.15251,5.66044
-2.56542,-1.15135,5.65994
-2.56493,-1.1502,5.65944
-2.56394,-1.14791,5.65844
-2.56343,-1.14678,5.65793
-2.56293,-1.14567,5.65743
-2.56195,-1.14348,5.65642
-2.56097,-1.14132,5.65541
-2.56048,-1.14027,5.65492
-2.55997,-1.13921,5.65442
-2.55902,-1.13717,5.65343
-2.55853,-1.13616,5.65294
-2.55805,-1.13517,5.65244
-2.55756,-1.13418,5.65194
-2.55708,-1.13319,5.65144
-2.55658,-1.13222,5.65094
-2.55609,-1.13125,5.65044
-2.55559,-1.13029,5.64993
-2.55508,-1.12935,5.64942
-2.55458,-1.12839,5.6489
-2.55364,-1.12658,5.64796
-2.55316,-1.12569,5.64751
-2.55268,-1.12482,5.64705
-2.5522,-1.12394,5.6466
-2.55125,-1.12219,5.64563
-2.55032,-1.12051,5.64468
-2.54985,-1.11968,5.64422
-2.54937,-1.11886,5.64376
-2.5489,-1.11805,5.64329
-2.54843,-1.11724,5.64283
-2.54796,-1.11644,5.64236
-2.54749,-1.11565,5.64189
-2.54702,-1.11486,5.6414
-2.54658,-1.11411,5.64094
-2.54614,-1.11336,5.64046
-2.54569,-1.11261,5.63999
-2.54479,-1.11114,5.63901
-2.54435,-1.11042,5.63853
-2.5439,-1.10971,5.63804
-2.54346,-1.10901,5.63756
-2.54302,-1.10832,5.63707
-2.54259,-1.10764,5.63658
-2.54174,-1.10631,5.63559
-2.54131,-1.10567,5.6351
-2.54089,-1.10503,5.63461
-2.54006,-1.10378,5.63361
-2.53965,-1.10318,5.63312
-2.53925,-1.10259,5.63262
-2.53885,-1.10201,5.63212
-2.53845,-1.10143,5.63162
