,true_x,true_y,true_yaw,odo_x,odo_y,odo_yaw,z_x,z_y,u_dl,u_dtheta,z_n,u_dl_n,u_dtheta_n
0,0.1,0.0,0.010000000000000002,0.12211439120355827,0.0,0.015715693150615998,0.0346639203935004,-0.1302947881183531,0.12211439120355827,0.015715693150615998,0.1,0.05,0.010000000000000002
1,0.19999500004166654,0.0009999833334166667,0.020000000000000004,0.2585913874682769,0.0021450071917669504,0.020202593391935652,0.0,0.0,0.13649385174905412,0.004486900241319653,0.0,0.05,0.010000000000000002
2,0.29997500070832434,0.002999850002749975,0.030000000000000006,0.49887607117081456,0.007000041491860755,0.022518655598960203,0.0,0.0,0.2403337275125646,0.002316062207024551,0.0,0.05,0.010000000000000002
3,0.3999300040832231,0.005999400022999542,0.04000000000000001,0.6159199057702687,0.009636156890705657,0.03364068297219089,0.0,0.0,0.11707351674115035,0.011122027373230686,0.0,0.05,0.010000000000000002
4,0.4998500147493209,0.009998333441662958,0.05000000000000001,0.6976406001463878,0.012386334395309256,0.03710103225226978,0.0,0.0,0.08176695766397266,0.003460349280078895,0.0,0.05,0.010000000000000002
5,0.5997250407888175,0.014996250368730792,0.06000000000000001,0.7830460433331166,0.015556419157385185,0.051376840817695446,0.0,0.0,0.08546425664171126,0.014275808565425664,0.0,0.05,0.010000000000000002
6,0.699545094782338,0.020992651016675253,0.07,0.8740233102870312,0.020234660641420196,0.06734903379215897,0.0,0.0,0.09109747002956109,0.01597219297446352,0.0,0.05,0.010000000000000002
7,0.7993001948076659,0.02798693575042853,0.08000000000000002,1.06334547103286,0.03300463883295145,0.0775829093732481,0.0,0.0,0.189752346210743,0.010233875581089132,0.0,0.05,0.010000000000000002
8,0.8989803654379278,0.0359784051473458,0.09000000000000002,1.065710605175805,0.03318850186607339,0.08320842050182517,0.0,0.0,0.002372270037131741,0.005625511128577065,0.0,0.05,0.010000000000000002
9,0.9985756387391272,0.04496626006714691,0.10000000000000003,1.2329461289899912,0.04713610993359672,0.05798547694741485,0.0,0.0,0.16781613806845425,-0.025222943554410317,0.0,0.05,0.010000000000000002
10,1.0980760552669298,0.05494960173182972,0.11000000000000004,1.3199314529352537,0.05218565608813442,0.0757528498286599,0.0,0.0,0.08713176515042641,0.01776737288124506,0.0,0.05,0.010000000000000002
11,1.1974716650625994,0.06592743181554721,0.12000000000000005,1.3881008984824927,0.05735958650451199,0.09171508330876062,0.0,0.0,0.06836550930236325,0.015962233480100712,0.0,0.05,0.010000000000000002
12,1.296752528647986,0.07789865254443915,0.13000000000000006,1.5306422740813814,0.07046956013756954,0.0903766195391413,0.0,0.0,0.14314298853343446,-0.0013384637696193177,0.0,0.05,0.010000000000000002
13,1.3959087180194647,0.09086206680640864,0.14000000000000007,1.6706215935868722,0.08315497453451995,0.09836726931082163,0.0,0.0,0.14055294243680075,0.00799064977168032,0.0,0.05,0.010000000000000002
14,1.4949303176407285,0.10481637827083229,0.15000000000000008,1.7775007490530725,0.09370242663891465,0.10389275200227255,0.0,0.0,0.10739833620248836,0.005525482691450922,0.0,0.05,0.010000000000000002
15,1.5938074254343326,0.11976019151819223,0.1600000000000001,1.8505319084280163,0.10131725189293088,0.10852767733105144,0.0,0.0,0.07342707813400746,0.004634925328778892,0.0,0.05,0.010000000000000002
16,1.6925301537718953,0.13569201217961682,0.1700000000000001,1.9390051487470283,0.11095692309567055,0.10962122691801929,0.0,0.0,0.08899683990705852,0.0010935495869678431,0.0,0.05,0.010000000000000002
17,1.7910886304628515,0.15261024708631643,0.1800000000000001,2.010084843045022,0.11878012819205147,0.12132411470068301,0.0,0.0,0.07150891888062848,0.011702887782663724,0.0,0.05,0.010000000000000002
18,1.8894729997416637,0.17051320442889886,0.1900000000000001,2.2269419304951357,0.14521997730347294,0.13750709838258365,0.0,0.0,0.21846295337741092,0.016182983681900652,0.0,0.05,0.010000000000000002
19,1.9876734232533908,0.18939909392654894,0.20000000000000012,2.4123617992458555,0.17087844817708273,0.1506869105108716,0.0,0.0,0.18718676463656833,0.013179812128287961,0.0,0.05,0.010000000000000002
20,2.085680081037515,0.20926602700605507,0.21000000000000013,2.551426603622638,0.19199375491648363,0.15395604518203831,0.0,0.0,0.14065872171696897,0.0032691346711667055,0.0,0.05,0.010000000000000002
21,2.1834831725099297,0.23011201699066502,0.22000000000000014,2.693330110178257,0.2140149184078334,0.1482086436511622,0.0,0.0,0.14360200839226975,-0.005747401530876115,0.0,0.05,0.010000000000000002
22,2.2810729174429905,0.25193497929875197,0.23000000000000015,2.807262260981589,0.23102538019648766,0.1610984480693513,0.0,0.0,0.11519501203149539,0.012889804418189092,0.0,0.05,0.010000000000000002
23,2.378439556943528,0.27473273165227086,0.24000000000000016,2.9175856641042657,0.2489536741721997,0.177484257295821,0.0,0.0,0.11177064463197904,0.016385809226469712,0.0,0.05,0.010000000000000002
24,2.475573354428731,0.29850299429498434,0.25000000000000017,3.015815576197856,0.26657333721111215,0.1871845232822304,0.0,0.0,0.09979763602169776,0.009700265986409398,0.0,0.05,0.010000000000000002
25,2.5724645965997954,0.32324339022043663,0.2600000000000002,3.168292840720244,0.2954528051670544,0.20178868568236907,0.0,0.0,0.15518807900624543,0.014604162400138666,0.0,0.05,0.010000000000000002
26,2.669103594413247,0.3489514454096522,0.2700000000000002,3.2726918325677805,0.3168100094929843,0.20790009634542533,0.0,0.0,0.10656115462682206,0.006111410663056274,0.0,0.05,0.010000000000000002
27,2.765480684049836,0.3756245890785353,0.2800000000000002,3.425140092119203,0.34896868349236926,0.2205516430628376,0.0,0.0,0.15580324821279068,0.012651546717412249,0.0,0.05,0.010000000000000002
28,2.861586227880913,0.4032601539349467,0.2900000000000002,3.5391302719818922,0.37452513606622445,0.22444567598219312,0.0,0.0,0.11681991856395058,0.0038940329193555313,0.0,0.05,0.010000000000000002
29,2.957410615432183,0.43185537644543026,0.3000000000000002,3.588915680058696,0.38589075055215954,0.22451910172476294,0.0,0.0,0.05106627115833693,7.34257425698201e-05,0.0,0.05,0.010000000000000002
30,3.0529442643447435,0.46140739711156425,0.3100000000000002,3.6990423358159212,0.4110403018304834,0.21429496557223274,0.0,0.0,0.11296185302026247,-0.0102241361525302,0.0,0.05,0.010000000000000002
31,3.148177621333315,0.49191326075590863,0.32000000000000023,3.8605624916503105,0.44619301081111856,0.22491597867259436,0.0,0.0,0.1653011605810518,0.01062101310036162,0.0,0.05,0.010000000000000002
32,3.243101163141559,0.5233699168175204,0.33000000000000024,3.9309721479816138,0.462301821278276,0.2257233635290981,0.0,0.0,0.07222889642905397,0.0008073848565037373,0.0,0.05,0.010000000000000002
33,3.337705397494398,0.5557742196570072,0.34000000000000025,4.071301465676011,0.4945265900815032,0.23393306578753076,0.0,0.0,0.14398178054530483,0.008209702258432641,0.0,0.05,0.010000000000000002
34,3.4319808640472327,0.5891229288710887,0.35000000000000026,4.148440454908332,0.512908494678759,0.25394042405013395,0.0,0.0,0.07929891598506762,0.020007358262603178,0.0,0.05,0.010000000000000002
35,3.5259181353319704,0.6234127096166339,0.36000000000000026,4.288890649320713,0.5493614308543227,0.27755500395908655,0.0,0.0,0.14510366524073498,0.023614579908952604,0.0,0.05,0.010000000000000002
36,3.619507817699764,0.6586401329441429,0.3700000000000003,4.465534287523605,0.5996887955877199,0.28073338972885564,0.0,0.0,0.1836731296585389,0.0031783857697690906,0.0,0.05,0.010000000000000002
37,3.7127405522603674,0.6948016761406391,0.3800000000000003,4.586673679337814,0.634619160567941,0.2721981732717036,0.0,0.0,0.12607490887074985,-0.00853521645715207,0.0,0.05,0.010000000000000002
38,3.805607015818018,0.7318937230819375,0.3900000000000003,4.716108438202264,0.6707477829628843,0.2754477375920683,0.0,0.0,0.13438241759417313,0.003249564320364738,0.0,0.05,0.010000000000000002
39,3.8980979218037497,0.7699125645942536,0.4000000000000003,4.8134398941154135,0.6982567726109832,0.28731049205605175,3.8855775611954457,0.8127278904668239,0.10114423770849511,0.011862754463983438,0.1,0.05,0.010000000000000002
40,3.9902040212040384,0.8088543988251187,0.4100000000000003,5.022396138871551,0.7600004424706415,0.28849013054326367,0.0,0.0,0.21788756960947897,0.0011796384872119273,0.0,0.05,0.010000000000000002
41,4.081916103485699,0.8487153316235609,0.4200000000000003,5.021663354961928,0.7597829747743678,0.28833445660712603,0.0,0.0,-0.0007643719363803259,-0.0001556739361376347,0.0,0.05,0.010000000000000002
42,4.17322499751693,0.889491376929518,0.4300000000000003,5.1738653586232575,0.804926062519246,0.30846517013936414,0.0,0.0,0.158755624434743,0.02013071353223813,0.0,0.05,0.010000000000000002
43,4.264121572484418,0.9311784571724391,0.44000000000000034,5.260106807883288,0.832405694416812,0.3207062935751968,0.0,0.0,0.09051363289414549,0.01224112343583269,0.0,0.05,0.010000000000000002
44,4.354596738806415,0.9737724036790391,0.45000000000000034,5.40930377441625,0.8819649650498469,0.3346988045120508,0.0,0.0,0.1572127734260681,0.013992510936854025,0.0,0.05,0.010000000000000002
45,4.444641449041683,1.017268957090162,0.46000000000000035,5.407560632170438,0.8813587290198425,0.33047945069849194,0.0,0.0,-0.001845553308146153,-0.004219353813558854,0.0,0.05,0.010000000000000002
46,4.534246698794235,1.061663767786714,0.47000000000000036,5.457523008572631,0.8984988546931525,0.3541679438691236,0.0,0.0,0.05282066796104765,0.023688493170631666,0.0,0.05,0.010000000000000002
47,4.623403527613768,1.1069523963246208,0.48000000000000037,5.521042561255023,0.9219857825125005,0.36747348876882935,0.0,0.0,0.06772273880582862,0.01330554489970577,0.0,0.05,0.010000000000000002
48,4.712103019891697,1.1531303138787692,0.4900000000000004,5.679804755716091,0.9831027827273477,0.3980382303998474,0.0,0.0,0.17011972873642708,0.030564741631018064,0.0,0.05,0.010000000000000002
49,4.800336305752709,1.200192902695885,0.5000000000000003,5.816874343609427,1.0407381715165964,0.4139554477486783,0.0,0.0,0.14869401456056172,0.01591721734883089,0.0,0.05,0.010000000000000002
50,4.888094561941746,1.2481354565563054,0.5100000000000003,5.8608574163877325,1.0600617816442872,0.4268937578201906,0.0,0.0,0.04804073895548164,0.012938310071512313,0.0,0.05,0.010000000000000002
51,4.975369012706321,1.2969531812445962,0.5200000000000004,5.936565893937795,1.0944990524027818,0.4442577453246501,0.0,0.0,0.08317270700321229,0.017363987504459485,0.0,0.05,0.010000000000000002
52,5.062150930674086,1.3466411950289698,0.5300000000000004,6.047619200641137,1.1473595838941337,0.46852369006213795,0.0,0.0,0.12299216527606438,0.02426594473748781,0.0,0.05,0.010000000000000002
53,5.148431637725563,1.3971945291494545,0.5400000000000004,6.104533433966164,1.1761644491569223,0.4772734000861525,0.0,0.0,0.06378832352228024,0.008749710024014506,0.0,0.05,0.010000000000000002
54,5.234202505861945,1.4486081283147658,0.5500000000000004,6.2062409528779465,1.2287625070428594,0.4781595174206007,0.0,0.0,0.11450316631675683,0.0008861173344482305,0.0,0.05,0.010000000000000002
55,5.319454958067896,1.5008768512078317,0.5600000000000004,6.250590189248061,1.2517475526143684,0.4888505717940118,0.0,0.0,0.04995164748570932,0.010691054373411104,0.0,0.05,0.010000000000000002
56,5.404180469169237,1.55399547099992,0.5700000000000004,6.367609229061518,1.313991455120579,0.49939657743287946,0.0,0.0,0.13254342336783922,0.010546005638867671,0.0,0.05,0.010000000000000002
57,5.488370566685464,1.6079586758733169,0.5800000000000004,6.447313799661916,1.3574718315868368,0.5010985823829496,0.0,0.0,0.09079296069762956,0.001702004950070088,0.0,0.05,0.010000000000000002
58,5.572016831676982,1.6627610695525044,0.5900000000000004,6.5518134398187895,1.4147093983162569,0.5146279712255731,0.0,0.0,0.11914828508216535,0.013529388842623558,0.0,0.05,0.010000000000000002
59,5.655110899586998,1.7183971718437827,0.6000000000000004,6.665144948537545,1.478792757704287,0.5213222615791744,0.0,0.0,0.1301948839967406,0.006694290353601299,0.0,0.05,0.010000000000000002
60,5.737644461077966,1.7748614191832863,0.6100000000000004,6.831508866725474,1.5743386995655384,0.5184040569056141,0.0,0.0,0.19184884748414166,-0.0029182046735603015,0.0,0.05,0.010000000000000002
61,5.819609262862515,1.8321481651933345,0.6200000000000004,6.901052541937074,1.6140095154105496,0.5116084030302306,0.0,0.0,0.08006307758102518,-0.006795653875383479,0.0,0.05,0.010000000000000002
62,5.9009971085287685,1.890251681247065,0.6300000000000004,6.955032246365082,1.6443176221921834,0.5362906668212317,0.0,0.0,0.061906298765327876,0.024682263791001146,0.0,0.05,0.010000000000000002
63,5.981799859359984,1.9491661570412921,0.6400000000000005,6.977829350661088,1.6578681897753862,0.5399648766936129,0.0,0.0,0.026520291214651017,0.0036742098723812097,0.0,0.05,0.010000000000000002
64,6.062009435148413,2.0088857011775314,0.6500000000000005,7.1144342632358155,1.739746699159931,0.5305632536436571,0.0,0.0,0.15926390814802982,-0.009401623049955808,0.0,0.05,0.010000000000000002
65,6.141617815003318,2.0694043417511354,0.6600000000000005,7.180256964549928,1.7783631587565105,0.5433682181825884,0.0,0.0,0.07631421204507782,0.012804964538931346,0.0,0.05,0.010000000000000002
66,6.220617038153055,2.1307160269484786,0.6700000000000005,7.290901116785332,1.8451941492228054,0.5633410056517139,0.0,0.0,0.129261400698729,0.019972787469125453,0.0,0.05,0.010000000000000002
67,6.29899920474114,2.192814625652135,0.6800000000000005,7.417311786122155,1.9250368423973454,0.5516415906731772,0.0,0.0,0.14951425676351818,-0.011699414978536646,0.0,0.05,0.010000000000000002
68,6.376756476616233,2.2556939280539816,0.6900000000000005,7.46031099939172,1.9514971028150758,0.5591756761083703,0.0,0.0,0.05048839196464584,0.007534085435193115,0.0,0.05,0.010000000000000002
69,6.453881078115944,2.3193476462761784,0.7000000000000005,7.5589504657799305,2.013225857504917,0.5718913940834167,0.0,0.0,0.11636229408579657,0.012715717975046448,0.0,0.05,0.010000000000000002
70,6.530365296844392,2.3837694149999473,0.7100000000000005,7.591136532216448,2.0339421053392357,0.5884763201022207,0.0,0.0,0.03827670044542563,0.016584926018803958,0.0,0.05,0.010000000000000002
71,6.606201484443443,2.448952792102101,0.7200000000000005,7.7162075784647195,2.11740841064999,0.6041868198102693,0.0,0.0,0.1503641936495033,0.015710499708048647,0.0,0.05,0.010000000000000002
72,6.681382057357532,2.5148912592992483,0.7300000000000005,7.7586570255158716,2.1467113035485057,0.6095388039007354,0.0,0.0,0.051581150502585826,0.0053519840904660936,0.0,0.05,0.010000000000000002
73,6.7558994975920195,2.5815782227996182,0.7400000000000005,7.839647815092834,2.2032617130315955,0.6079651824232679,0.0,0.0,0.09877984009404411,-0.0015736214774675463,0.0,0.05,0.010000000000000002
74,6.829746353464978,2.6490070139624327,0.7500000000000006,7.950058001758825,2.280095539084962,0.6301160313193385,0.0,0.0,0.13451336790675492,0.022150848896070524,0.0,0.05,0.010000000000000002
75,6.90291524035236,2.717170889964766,0.7600000000000006,8.049906432322825,2.3529142465191137,0.6176491704533612,0.0,0.0,0.12358103915437138,-0.012466860865977238,0.0,0.05,0.010000000000000002
76,6.9753988414264505,2.7860630344758213,0.7700000000000006,8.140511902430772,2.4172772899694874,0.640363079931292,0.0,0.0,0.11113933856055114,0.022713909477930873,0.0,0.05,0.010000000000000002
77,7.047189908387545,2.855676558338557,0.7800000000000006,8.258979498006424,2.5055484818540643,0.6620868424690914,0.0,0.0,0.14773751899297646,0.021723762537799403,0.0,0.05,0.010000000000000002
78,7.1182812621887726,2.926004500258598,0.7900000000000006,8.354355941297158,2.5798900483850535,0.6746677096831604,0.0,0.0,0.1209269798228337,0.012580867214068947,0.0,0.05,0.010000000000000002
79,7.188665793753996,2.997039827500359,0.8000000000000006,8.377381865806013,2.5983080227091473,0.6623688862245733,0.0,0.0,0.029485843682867188,-0.012298823458587044,0.0,0.05,0.010000000000000002
80,7.258336464688712,3.068775436590311,0.8100000000000006,8.480613468151232,2.6788191411373843,0.6803703761855956,7.388541219094267,3.142449288670096,0.1309152547006152,0.0180014899610222,0.1,0.05,0.010000000000000002
81,7.327286307983887,3.1412041540273252,0.8200000000000006,8.535374809017087,2.72313607796239,0.6884377716168412,0.0,0.0,0.07044711025285598,0.008067395431245615,0.0,0.05,0.010000000000000002
82,7.395508428712649,3.214318737000015,0.8300000000000006,8.623537050629016,2.7956683089314627,0.6879353802837762,0.0,0.0,0.1141643787500779,-0.0005023913330649041,0.0,0.05,0.010000000000000002
83,7.462996004719775,3.288111874111011,0.8400000000000006,8.64067050881934,2.8097498014876363,0.7047895889525829,0.0,0.0,0.022177552213199205,0.016854208668806703,0.0,0.05,0.010000000000000002
84,7.529742287303906,3.3625761861080967,0.8500000000000006,8.768008152605466,2.9180516351158414,0.7022233462211016,0.0,0.0,0.16716507617392312,-0.002566242731481286,0.0,0.05,0.010000000000000002
85,7.595740601892404,3.437704226622126,0.8600000000000007,8.80146993006854,2.9463635184157604,0.69872877934801,0.0,0.0,0.043832103382983136,-0.0034945668730915315,0.0,0.05,0.010000000000000002
86,7.6609843487088085,3.513488482911654,0.8700000000000007,8.93209650276633,3.0561052032338547,0.718274174935349,0.0,0.0,0.1706063858168404,0.019545395587338896,0.0,0.05,0.010000000000000002
87,7.725467003432809,3.5899213766142046,0.8800000000000007,8.966924310392281,3.086545372275066,0.7300502378682453,0.0,0.0,0.04625559507008729,0.01177606293289632,0.0,0.05,0.010000000000000002
88,7.789182117852667,3.6669952645041017,0.8900000000000007,9.008500136357542,3.123756069351508,0.7415555852673162,0.0,0.0,0.05579592531366673,0.0115053473990709,0.0,0.05,0.010000000000000002
89,7.852123320510036,3.744702439256784,0.9000000000000007,9.081309073462512,3.190445132815739,0.7501145498816635,0.0,0.0,0.09873485963980312,0.008558964614347206,0.0,0.05,0.010000000000000002
90,7.914284317337103,3.8230351302195325,0.9100000000000007,9.177057736436774,3.27966473728949,0.7541128856190467,0.0,0.0,0.13087377232972008,0.003998335737383152,0.0,0.05,0.010000000000000002
91,7.975658892285984,3.9019855041885276,0.9200000000000007,9.318704997562866,3.412715198912108,0.7608762999884581,0.0,0.0,0.19433571962589619,0.006763414369411375,0.0,0.05,0.010000000000000002
92,8.03624090795033,3.981545666192164,0.9300000000000007,9.402147166605484,3.492162220645899,0.7907568363076347,0.0,0.0,0.11521469019576587,0.029880536319176587,0.0,0.05,0.010000000000000002
93,8.096024306179059,4.0617076602805415,0.9400000000000007,9.534962176672954,3.626408337638593,0.7976796472378396,0.0,0.0,0.18884344528428368,0.006922810930204828,0.0,0.05,0.010000000000000002
94,8.155003108682168,4.1424634703210526,0.9500000000000007,9.59830540062957,3.6913268856807364,0.8219674353460665,0.0,0.0,0.09070160914293668,0.024287788108226994,0.0,0.05,0.010000000000000002
95,8.213171417628557,4.22380502079999,0.9600000000000007,9.642990620587835,3.7394059406422517,0.8408246809847066,0.0,0.0,0.06563813227622249,0.018857245638640052,0.0,0.05,0.010000000000000002
96,8.270523416235802,4.30572417763009,0.9700000000000008,9.705906586138447,3.809713598591074,0.8499913940484143,0.0,0.0,0.09434821401284914,0.00916671306370769,0.0,0.05,0.010000000000000002
97,8.327053369351837,4.388212748963935,0.9800000000000008,9.771086638003831,3.883908896093498,0.845065664065923,0.0,0.0,0.0987592088498459,-0.004925729982491267,0.0,0.05,0.010000000000000002
98,8.382755624028459,4.471262486013131,0.9900000000000008,9.861610144919458,3.98593501154096,0.8493932707837126,0.0,0.0,0.1363958706765069,0.004327606717789616,0.0,0.05,0.010000000000000002
99,8.437624610086617,4.5548650838731835,1.0000000000000007,9.89526445814749,4.0241979714838205,0.8536495973476405,0.0,0.0,0.05095750094382016,0.004256326563927783,0.0,0.05,0.010000000000000002
100,8.491654840673432,4.639012182353973,1.0100000000000007,9.993396797445081,4.136730883761272,0.8668621758576281,0.0,0.0,0.14931045630384318,0.013212578509987645,0.0,0.05,0.010000000000000002
101,8.544840912810868,4.723695366815774,1.0200000000000007,10.0611796016879,4.2165659008895116,0.8922441588223883,0.0,0.0,0.10472888097791683,0.025381982964760175,0.0,0.05,0.010000000000000002
102,8.597177507936033,4.808906169010711,1.0300000000000007,10.170437408493463,4.352076172791048,0.8999890207560445,0.0,0.0,0.174069819724127,0.00774486193365619,0.0,0.05,0.010000000000000002
103,8.648659392433029,4.894636067929571,1.0400000000000007,10.28103047900189,4.491437797018539,0.9108092773506312,0.0,0.0,0.17791146548720774,0.01082025659458673,0.0,0.05,0.010000000000000002
104,8.699281418156307,4.9808764906539045,1.0500000000000007,10.272254954513443,4.4801303578005305,0.903060094653074,0.0,0.0,-0.014313211090328126,-0.0077491826975572475,0.0,0.05,0.010000000000000002
105,8.74903852294548,5.067618813213306,1.0600000000000007,10.318003203454154,4.538144097530713,0.8924515022961689,0.0,0.0,0.07388163695142813,-0.01060859235690512,0.0,0.05,0.010000000000000002
106,8.797925731131532,5.154854361447804,1.0700000000000007,10.411085878371106,4.653641678862038,0.9102359992653828,0.0,0.0,0.14833770816309935,0.017784496969213883,0.0,0.05,0.010000000000000002
107,8.845938154034386,5.242574411875273,1.0800000000000007,10.464698065926706,4.722640354576288,0.941319939187782,0.0,0.0,0.08737896717641558,0.031083939922399263,0.0,0.05,0.010000000000000002
108,8.89307099045176,5.330770192563768,1.0900000000000007,10.502940608067519,4.77514873856487,0.9528875000337375,0.0,0.0,0.06495862081728868,0.01156756084595541,0.0,0.05,0.010000000000000002
109,8.93931952713929,5.4194328840087165,1.1000000000000008,10.540492587673352,4.8279825391687305,0.9743801702573265,0.0,0.0,0.06481945432171843,0.021492670223589028,0.0,0.05,0.010000000000000002
110,8.984679139281848,5.50855362001486,1.1100000000000008,10.58751969674602,4.897253288063857,0.9864119798650495,0.0,0.0,0.08372565700085187,0.012031809607723012,0.0,0.05,0.010000000000000002
111,9.029145290956018,5.598123488582865,1.1200000000000008,10.627528304941727,4.9577392444008135,0.9956374538674954,0.0,0.0,0.07252061530181479,0.009225474002445937,0.0,0.05,0.010000000000000002
112,9.07271353558369,5.688133532800515,1.1300000000000008,10.67110480729247,5.024958809761249,0.9934205156714175,0.0,0.0,0.08010856086817605,-0.002216938196077853,0.0,0.05,0.010000000000000002
113,9.115379516376706,5.778574751738398,1.1400000000000008,10.762309668154401,5.164967196777728,1.0039202377747998,0.0,0.0,0.16709480865604506,0.010499722103382137,0.0,0.05,0.010000000000000002
114,9.157138966772541,5.869438101349986,1.1500000000000008,10.82970884858917,5.270845858994571,1.0129457215100024,0.0,0.0,0.12551071920799015,0.009025483735202611,0.0,0.05,0.010000000000000002
115,9.197987710860957,5.960714495376038,1.1600000000000008,10.904516474679827,5.390737692754064,1.0312546672238365,0.0,0.0,0.1413160738328559,0.01830894571383415,0.0,0.05,0.010000000000000002
116,9.237921663801584,6.052394806253215,1.1700000000000008,10.897510228074392,5.379037346303418,1.0177064082530696,0.0,0.0,-0.013637653704406661,-0.013548258970767028,0.0,0.05,0.010000000000000002
117,9.276936832232407,6.144469866026829,1.1800000000000008,10.965850761187948,5.4897345275968386,1.0404859099779153,0.0,0.0,0.13009340649146425,0.022779501724845795,0.0,0.05,0.010000000000000002
118,9.315029314669095,6.236930467267631,1.1900000000000008,11.058594122427829,5.647909475683703,1.0328406022476753,0.0,0.0,0.1833593337039422,-0.007645307730240175,0.0,0.05,0.010000000000000002
119,9.352195301895149,6.329767363992548,1.2000000000000008,11.089579895390422,5.699842023453259,1.0340560817744409,0.0,0.0,0.0604740245388586,0.0012154795267656532,0.0,0.05,0.010000000000000002
120,9.388431077342815,6.422971272589271,1.2100000000000009,11.13201252498732,5.771156502889179,1.0556615256020059,9.35267367820652,6.557648666891333,0.08298363110712748,0.021605443827565123,0.1,0.05,0.010000000000000002
121,9.423733017464748,6.51653287274461,1.2200000000000009,11.18837189056594,5.870710320344619,1.0544980666828299,0.0,0.0,0.11439991546489703,-0.001163458919176115,0.0,0.05,0.010000000000000002
122,9.458097592096353,6.610442808376517,1.2300000000000009,11.240913813772707,5.963269611219892,1.0565656527185654,0.0,0.0,0.10643249513940317,0.0020675860357355774,0.0,0.05,0.010000000000000002
123,9.491521364808802,6.704691688569687,1.2400000000000009,11.376176086383419,6.202703095531782,1.0655047444887251,0.0,0.0,0.2749986832723869,0.00893909177015973,0.0,0.05,0.010000000000000002
124,9.52400099325268,6.799270088514641,1.2500000000000009,11.43626059868321,6.311317048717919,1.0808093405398638,0.0,0.0,0.124125498770495,0.015304596051138692,0.0,0.05,0.010000000000000002
125,9.555533229492205,6.8941685504502,1.260000000000001,11.461715724989862,6.359042001439759,1.0836764780623647,0.0,0.0,0.054089135393250755,0.002867137522500982,0.0,0.05,0.010000000000000002
126,9.586114920330035,6.989377584609251,1.270000000000001,11.47833668354556,6.390420402479332,1.1042553305129186,0.0,0.0,0.035508594947006526,0.020578852450553978,0.0,0.05,0.010000000000000002
127,9.615743007622566,7.084887670167721,1.280000000000001,11.52018370095504,6.473512520635002,1.1040427792743166,0.0,0.0,0.09303479438180692,-0.00021255123860197678,0.0,0.05,0.010000000000000002
128,9.644414528585761,7.1806892561966436,1.290000000000001,11.561536185123947,6.555579260152129,1.1177661051753125,0.0,0.0,0.0918965596848523,0.013723325900995976,0.0,0.05,0.010000000000000002
129,9.672126616091417,7.2767727626172505,1.300000000000001,11.59796153921833,6.630405707431598,1.1235893786507563,0.0,0.0,0.0832214133103279,0.005823273475443785,0.0,0.05,0.010000000000000002
130,9.698876498953876,7.37312858115897,1.310000000000001,11.674913691852995,6.790851413193899,1.1142723315588046,0.0,0.0,0.17794509909708467,-0.00931704709195178,0.0,0.05,0.010000000000000002
131,9.724661502207143,7.469747076320243,1.320000000000001,11.699535666760433,6.840985040695236,1.1125682981712905,0.0,0.0,0.055853578710637564,-0.0017040333875139287,0.0,0.05,0.010000000000000002
132,9.74947904737238,7.56661858633207,1.330000000000001,11.76397809797707,6.97163531062705,1.1231524413738785,0.0,0.0,0.1456788247288083,0.010584143202587843,0.0,0.05,0.010000000000000002
133,9.773326652715753,7.663733424124175,1.340000000000001,11.826189446192052,7.101201130502384,1.1337614965185165,0.0,0.0,0.14372735830972835,0.010609055144638136,0.0,0.05,0.010000000000000002
134,9.796201933496599,7.761081878293707,1.350000000000001,11.871260650749939,7.197679627278844,1.1400323558987977,0.0,0.0,0.10648715331223968,0.0062708593802811175,0.0,0.05,0.010000000000000002
135,9.818102602205903,7.858654214076373,1.360000000000001,11.906570301414792,7.274515569964063,1.1692855949784646,0.0,0.0,0.08456082732802557,0.02925323907966701,0.0,0.05,0.010000000000000002
136,9.839026468795044,7.9564406743199045,1.370000000000001,11.935908614306378,7.343615972121763,1.1813469488486141,0.0,0.0,0.07507064793699642,0.012061353870149505,0.0,0.05,0.010000000000000002
137,9.858971440894802,8.054431480459765,1.380000000000001,11.97506732072102,7.439029272543863,1.189347400699451,0.0,0.0,0.10313632815601895,0.0080004518508369,0.0,0.05,0.010000000000000002
138,9.877935524024585,8.152616833497001,1.390000000000001,12.007453152612952,7.519773064527831,1.1946687548636274,0.0,0.0,0.0869965634452462,0.005321354164176389,0.0,0.05,0.010000000000000002
139,9.895916821791884,8.250986914978128,1.400000000000001,12.053378645386932,7.6360609092120155,1.188403545483367,0.0,0.0,0.1250280516837164,-0.006265209380260365,0.0,0.05,0.010000000000000002
140,9.912913536081907,8.349531887976974,1.410000000000001,12.076539105322883,7.693646793056313,1.1965452089803272,0.0,0.0,0.06206884019033854,0.008141663496960182,0.0,0.05,0.010000000000000002
141,9.92892396723739,8.44824189807836,1.420000000000001,12.085529961609117,7.716538157868363,1.2158530305820885,0.0,0.0,0.024593700000570054,0.01930782160176127,0.0,0.05,0.010000000000000002
142,9.943946514228559,8.547107074363531,1.430000000000001,12.136738302020321,7.854699857628986,1.2259101827679397,0.0,0.0,0.14734635865339335,0.01005715218585126,0.0,0.05,0.010000000000000002
143,9.957979674813233,8.646117530397248,1.440000000000001,12.200959931280149,8.033468693472946,1.2287652887076994,0.0,0.0,0.18995450595811503,0.0028551059397595893,0.0,0.05,0.010000000000000002
144,9.971022045687047,8.745263365216417,1.450000000000001,12.224831896540257,8.100520310780722,1.2413542662404886,0.0,0.0,0.07117436412760118,0.012588977532789092,0.0,0.05,0.010000000000000002
145,9.983072322623784,8.844534664320175,1.460000000000001,12.232740860262977,8.12365259212685,1.2567233723576776,0.0,0.0,0.02444696601715233,0.015369106117189075,0.0,0.05,0.010000000000000002
146,9.99412930060579,8.94392150066134,1.470000000000001,12.263995606596538,8.21987306778841,1.2812335228963039,0.0,0.0,0.1011693585277268,0.024510150538626263,0.0,0.05,0.010000000000000002
147,10.004191873944484,9.043413935639098,1.480000000000001,12.26107215126311,8.210060731356887,1.2996215768589734,0.0,0.0,-0.010238580826068655,0.01838805396266959,0.0,0.05,0.010000000000000002
148,10.013259036390915,9.143002020092862,1.490000000000001,12.296252788802997,8.336599191814265,1.3104203313450171,0.0,0.0,0.13133795808004886,0.010798754486043713,0.0,0.05,0.010000000000000002
149,10.021329881236396,9.242675795297176,1.500000000000001,12.315652998396013,8.409416190545723,1.3154073844164944,0.0,0.0,0.07535703972762023,0.004987053071477294,0.0,0.05,0.010000000000000002
150,10.028403601403166,9.34242529395758,1.5100000000000011,12.35759659321581,8.570064109075075,1.342738239621578,0.0,0.0,0.1660331860629694,0.027330855205083594,0.0,0.05,0.010000000000000002
151,10.034479489525104,9.442240541207335,1.5200000000000011,12.377147661506777,8.654301128890433,1.3531063412803934,0.0,0.0,0.0864761225928352,0.010368101658815493,0.0,0.05,0.010000000000000002
152,10.039556938018462,9.542111555604894,1.5300000000000011,12.408444145659702,8.795789246467853,1.3516308626668425,0.0,0.0,0.14490809962157394,-0.0014754786135508598,0.0,0.05,0.010000000000000002
153,10.043635439142621,9.642028350132042,1.5400000000000011,12.443314253300173,8.952337636075924,1.3541769463719358,0.0,0.0,0.16038492041254468,0.0025460837050932427,0.0,0.05,0.010000000000000002
154,10.046714585050868,9.74198093319259,1.5500000000000012,12.462443327409764,9.03925935996595,1.3547058921845614,0.0,0.0,0.08900172785010375,0.0005289458126256336,0.0,0.05,0.010000000000000002
155,10.048794067831176,9.841959309611525,1.5600000000000012,12.489159925225007,9.16096513112336,1.3624423490483681,0.0,0.0,0.12460365697619513,0.0077364568638067874,0.0,0.05,0.010000000000000002
156,10.049873679537003,9.941953481634522,1.5700000000000012,12.508845421306528,9.254074992899664,1.3755952204972157,0.0,0.0,0.09516808874816096,0.01315287144884749,0.0,0.05,0.010000000000000002
157,10.049953312208075,10.041953449927705,1.5800000000000012,12.526152722727756,9.341609938539593,1.3901044841105812,0.0,0.0,0.08922953205453132,0.014509263613365473,0.0,0.05,0.010000000000000002
158,10.049032957881193,10.14194921457758,1.5900000000000012,12.541973040046186,9.428209121889823,1.3984454464825171,0.0,0.0,0.08803238606889252,0.008340962371935885,0.0,0.05,0.010000000000000002
159,10.047112708591024,10.241930776091008,1.6000000000000012,12.559063851837076,9.526388192147643,1.421539499333676,0.0,0.0,0.09965553514161411,0.023094052851158925,0.0,0.05,0.010000000000000002
160,10.044192756360895,10.34188813639516,1.6100000000000012,12.564284794183356,9.561107639888139,1.4177798093509313,10.010168549383074,10.446429249991425,0.035109803337362314,-0.003759689982744846,0.1,0.05,0.010000000000000002
161,10.040273393183595,10.441811299837298,1.6200000000000012,12.57249279923022,9.614329632334298,1.431818095916961,0.0,0.0,0.05385120079244621,0.014038286566029807,0.0,0.05,0.010000000000000002
162,10.035355010992177,10.54169027418435,1.6300000000000012,12.59630751150825,9.784580668653211,1.43127319962647,0.0,0.0,0.1719085683977069,-0.0005448962904911176,0.0,0.05,0.010000000000000002
163,10.029438101620762,10.641515071622115,1.6400000000000012,12.614352312859177,9.913072328384287,1.4500077679004904,0.0,0.0,0.12975253938263057,0.018734568274020254,0.0,0.05,0.010000000000000002
164,10.022523256755356,10.741275709754031,1.6500000000000012,12.620962046621075,9.967527464261304,1.4538288368035206,0.0,0.0,0.05485481203857685,0.0038210689030302664,0.0,0.05,0.010000000000000002
165,10.014611167874683,10.840962212599424,1.6600000000000013,12.635063315802794,10.087534332088632,1.4465695409682484,0.0,0.0,0.12083250439455938,-0.007259295835272262,0.0,0.05,0.010000000000000002
166,10.005702626181037,10.940564611591077,1.6700000000000013,12.654498240279016,10.243175856431156,1.4653146504589594,0.0,0.0,0.15685024829135924,0.018745109490710878,0.0,0.05,0.010000000000000002
167,9.995798522521165,11.040072946572094,1.6800000000000013,12.66999841738465,10.389577089147037,1.4810402660754491,0.0,0.0,0.14721948387029343,0.015725615616489712,0.0,0.05,0.010000000000000002
168,9.984899847297177,11.139477266791902,1.6900000000000013,12.67840202786886,10.48295274947354,1.4823054823539041,0.0,0.0,0.09375305120677799,0.00126521627845496,0.0,0.05,0.010000000000000002
169,9.973007690367515,11.238767631901313,1.7000000000000013,12.684378314274571,10.550312021860687,1.4851499055951267,0.0,0.0,0.06762386838778803,0.0028444232412225545,0.0,0.05,0.010000000000000002
170,9.960123240937962,11.33793411294656,1.7100000000000013,12.692033039784999,10.639469276195035,1.4983935866448768,0.0,0.0,0.08948525478021228,0.013243681049750029,0.0,0.05,0.010000000000000002
171,9.946247787442724,11.436966793362176,1.7200000000000013,12.690771012373826,10.622069086796447,1.5146563629473668,0.0,0.0,-0.017445896488666658,0.016262776302490133,0.0,0.05,0.010000000000000002
172,9.931382717415588,11.535855769962646,1.7300000000000013,12.692596332319734,10.654548657503774,1.5321172671442298,0.0,0.0,0.03253082086632839,0.01746090419686302,0.0,0.05,0.010000000000000002
173,9.915529517351167,11.634591153932718,1.7400000000000013,12.697822845624538,10.78960640406403,1.5499187583223828,0.0,0.0,0.13515883747376342,0.017801491178152898,0.0,0.05,0.010000000000000002
174,9.89868977255626,11.733163071816273,1.7500000000000013,12.699770737165402,10.88289353777315,1.5782906972728465,0.0,0.0,0.09330746806723537,0.028371938950463776,0.0,0.05,0.010000000000000002
175,9.880865166991311,11.831561666503667,1.7600000000000013,12.699047108740873,10.979447995407071,1.5980506070324794,0.0,0.0,0.09655716921636398,0.019759909759632866,0.0,0.05,0.010000000000000002
176,9.862057483102022,11.929777098217428,1.7700000000000014,12.695581012552411,11.106592719655861,1.6164951681798738,0.0,0.0,0.12719196015113834,0.018444561147394508,0.0,0.05,0.010000000000000002
177,9.842268601641111,12.027799545496233,1.7800000000000014,12.68927787076653,11.244424515611058,1.645072358341698,0.0,0.0,0.13797584416341943,0.028577190161824043,0.0,0.05,0.010000000000000002
178,9.821500501480232,12.125619206177037,1.7900000000000014,12.680510551359465,11.362244361384814,1.6633350761355272,0.0,0.0,0.11814559639587606,0.01826271779382917,0.0,0.05,0.010000000000000002
179,9.799755259412095,12.22322629837529,1.8000000000000014,12.666713090621057,11.510917796560364,1.6777562967896922,0.0,0.0,0.14931229102028493,0.014421220654165047,0.0,0.05,0.010000000000000002
180,9.777035049942786,12.320611061463108,1.8100000000000014,12.654564874665434,11.624061560767005,1.6780718173540707,0.0,0.0,0.11379407071439465,0.00031552056437858246,0.0,0.05,0.010000000000000002
181,9.753342145074319,12.41776375704534,1.8200000000000014,12.648278049806748,11.682441065524216,1.678237345584026,0.0,0.0,0.05871703962650896,0.00016552822995539453,0.0,0.05,0.010000000000000002
182,9.728678914077435,12.514674669933385,1.8300000000000014,12.63707432538997,11.786317415492453,1.687442497925869,0.0,0.0,0.1044787993974419,0.009205152341842942,0.0,0.05,0.010000000000000002
183,9.703047823254682,12.611334109116715,1.8400000000000014,12.630473708458101,11.84264719430369,1.7078489356794102,0.0,0.0,0.05671518425258191,0.020406437753541017,0.0,0.05,0.010000000000000002
184,9.676451435693783,12.70773240873196,1.8500000000000014,12.622246595463153,11.902299741909816,1.7218771862996112,0.0,0.0,0.060217205382953366,0.014028250620200931,0.0,0.05,0.010000000000000002
185,9.648892411011332,12.80385992902949,1.8600000000000014,12.60905515924722,11.988948153105019,1.7309529345435144,0.0,0.0,0.0876467977286793,0.009075748243903134,0.0,0.05,0.010000000000000002
186,9.62037350508683,12.899707057337382,1.8700000000000014,12.593679798658286,12.084127961227225,1.7530040817791128,0.0,0.0,0.09641367946209564,0.022051147235598433,0.0,0.05,0.010000000000000002
187,9.590897569787105,12.995264209022677,1.8800000000000014,12.582740722632238,12.143498372481975,1.7564992506483932,0.0,0.0,0.06036976989240415,0.003495168869280438,0.0,0.05,0.010000000000000002
188,9.560467552681121,13.090521828449837,1.8900000000000015,12.578783724674523,12.164561081165456,1.7746802337472523,0.0,0.0,0.02143118125355027,0.01818098309885897,0.0,0.05,0.010000000000000002
189,9.529086496745233,13.1854703899363,1.9000000000000015,12.564021158882241,12.235961730640279,1.793622971598536,0.0,0.0,0.07291080917256276,0.01894273785128361,0.0,0.05,0.010000000000000002
190,9.496757540058882,13.280100398705041,1.9100000000000015,12.537924509300739,12.351133319147111,1.7916961071765947,0.0,0.0,0.11809119323034661,-0.001926864421941195,0.0,0.05,0.010000000000000002
191,9.463483915490798,13.374402391834042,1.9200000000000015,12.511217659118351,12.470060681636825,1.8034369433557598,0.0,0.0,0.12188918489933452,0.011740836179165144,0.0,0.05,0.010000000000000002
192,9.429268950375707,13.468366939202575,1.9300000000000015,12.486322093419101,12.575136086787897,1.808699574838221,0.0,0.0,0.10798439683189154,0.0052626314824613905,0.0,0.05,0.010000000000000002
193,9.394116066181612,13.561984644434206,1.9400000000000015,12.450167786505833,12.724228766224005,1.8089780527485675,0.0,0.0,0.15341369225012796,0.0002784779103465168,0.0,0.05,0.010000000000000002
194,9.358028778167634,13.655246145836426,1.9500000000000015,12.414900958322097,12.869485040976345,1.8419806798361336,0.0,0.0,0.14947620053061514,0.03300262708756603,0.0,0.05,0.010000000000000002
195,9.321010695032506,13.748142117336812,1.9600000000000015,12.386372078275405,12.972094501369499,1.8665638485046299,0.0,0.0,0.10650163547520156,0.02458316866849631,0.0,0.05,0.010000000000000002
196,9.28306551855369,13.840663269415629,1.9700000000000015,12.37136784270432,13.021336375036972,1.8838811845260623,0.0,0.0,0.05147707458039952,0.0173173360214325,0.0,0.05,0.010000000000000002
197,9.244197043217214,13.932800350034768,1.9800000000000015,12.348566348712078,13.091769556379765,1.8864115452586554,0.0,0.0,0.07403202794969838,0.002530360732593047,0.0,0.05,0.010000000000000002
198,9.204409155838222,14.024544145562949,1.9900000000000015,12.340844394214859,13.11541807757806,1.896791511767889,0.0,0.0,0.024877321723274327,0.010379966509233686,0.0,0.05,0.010000000000000002
199,9.163705835172296,14.115885481697072,2.0000000000000013,12.303329302842092,13.226390987529218,1.9036273666114183,9.194659859084208,14.077597182223286,0.11714251501370002,0.0068358548435291785,0.1,0.05,0.010000000000000002
200,9.122091151517582,14.20681522437964,2.010000000000001,12.27358426867828,13.312436105039712,1.92330913846415,0.0,0.0,0.09104136040724164,0.01968177185273185,0.0,0.05,0.010000000000000002
201,9.079569266307766,14.29732428071216,2.020000000000001,12.232384929022704,13.424427732238156,1.9276550548928186,0.0,0.0,0.119329418630155,0.004345916428668524,0.0,0.05,0.010000000000000002
202,9.036144431695936,14.387403599864424,2.0300000000000007,12.218861473936494,13.460701075548519,1.9222886015902634,0.0,0.0,0.038712262558266486,-0.005366453302555238,0.0,0.05,0.010000000000000002
203,8.991820990129366,14.47704417397958,2.0400000000000005,12.198048261563281,13.51745604441803,1.9572273051426439,0.0,0.0,0.060450941272006314,0.034938703552380525,0.0,0.05,0.010000000000000002
204,8.946603373915275,14.566237039074919,2.0500000000000003,12.18343238395329,13.553377093232653,1.9762950865845108,0.0,0.0,0.038780737825017564,0.01906778144186689,0.0,0.05,0.010000000000000002
205,8.900496104777604,14.654973275938255,2.06,12.173807277280943,13.575798079075295,1.9805254964915684,0.0,0.0,0.02439965746911218,0.004230409907057534,0.0,0.05,0.010000000000000002
206,8.853503793404844,14.743244011019852,2.07,12.15637138443207,13.61594434075734,1.9813591141085776,0.0,0.0,0.04376908368335605,0.0008336176170091567,0.0,0.05,0.010000000000000002
207,8.805631138988971,14.83104041731976,2.0799999999999996,12.09650436646887,13.753474672742586,1.9670847909527591,0.0,0.0,0.14999550678529633,-0.014274323155818542,0.0,0.05,0.010000000000000002
208,8.756882928755536,14.918353715270513,2.0899999999999994,12.026578267777815,13.920592048155466,1.9716248446161604,0.0,0.0,0.1811570491122029,0.00454005366340117,0.0,0.05,0.010000000000000002
209,8.707264037484936,15.005175173615074,2.099999999999999,11.979861246422411,14.030833456267471,1.9810044349655855,0.0,0.0,0.11973156704411281,0.00937959034942519,0.0,0.05,0.010000000000000002
210,8.65677942702495,15.09149611027996,2.109999999999999,12.000679152654012,13.982962846057843,1.9919350589251246,0.0,0.0,-0.05220134616760255,0.010930623959539055,0.0,0.05,0.010000000000000002
211,8.605434145794554,15.17730789324344,2.1199999999999988,11.96089887288497,14.071770192012242,2.006262432675728,0.0,0.0,0.09730989340230345,0.014327373750603431,0.0,0.05,0.010000000000000002
212,8.553233328279083,15.262601941398728,2.1299999999999986,11.896361916620553,14.210483716260578,1.9982373391410082,0.0,0.0,0.15299170086403102,-0.008025093534719849,0.0,0.05,0.010000000000000002
213,8.500182194516789,15.347369725412085,2.1399999999999983,11.871423518074732,14.265229923566764,1.999879271725797,0.0,0.0,0.06015871455111193,0.0016419325847888328,0.0,0.05,0.010000000000000002
214,8.446286049576837,15.431602768575749,2.149999999999998,11.843144838910044,14.327039684031458,1.9927150180763842,0.0,0.0,0.06797153951472766,-0.007164253649412725,0.0,0.05,0.010000000000000002
215,8.39155028302881,15.515292647655599,2.159999999999998,11.7743562529681,14.480286033779553,2.000517183715855,0.0,0.0,0.16797712126062672,0.007802165639470764,0.0,0.05,0.010000000000000002
216,8.33598036840375,15.598430993733468,2.1699999999999977,11.69367276166036,14.656341995346159,2.0158189715915054,0.0,0.0,0.19366343839958067,0.015301787875650456,0.0,0.05,0.010000000000000002
217,8.27958186264681,15.681009493044028,2.1799999999999975,11.625569734630991,14.799136305491677,2.0110671850500315,0.0,0.0,0.15820315199292853,-0.004751786541473852,0.0,0.05,0.010000000000000002
218,8.222360405561567,15.763019887806166,2.1899999999999973,11.58774359263643,14.879427585302903,2.0242901270167297,0.0,0.0,0.08875531889367107,0.013222941966698362,0.0,0.05,0.010000000000000002
219,8.164321719246045,15.844453977048746,2.199999999999997,11.555104690682871,14.94639684257393,2.048260378450117,0.0,0.0,0.07449952577142478,0.023970251433387425,0.0,0.05,0.010000000000000002
220,8.10547160752051,15.925303617430705,2.209999999999997,11.506398518991814,15.040534730117512,2.065076354758334,0.0,0.0,0.10599166491742103,0.016815976308217236,0.0,0.05,0.010000000000000002
221,8.045815955347095,16.005560724055382,2.2199999999999966,11.435176230795264,15.172697451647585,2.085150399670003,0.0,0.0,0.15013193963373617,0.02007404491166888,0.0,0.05,0.010000000000000002
222,7.985360728241302,16.085217271278992,2.2299999999999964,11.341612825944893,15.338270289710607,2.09766797448251,0.0,0.0,0.1901801131334151,0.012517574812507383,0.0,0.05,0.010000000000000002
223,7.9241119716754636,16.164265293513193,2.239999999999996,11.244894890853711,15.504531618347393,2.114506369065836,0.0,0.0,0.1923465319894575,0.01683839458332601,0.0,0.05,0.010000000000000002
224,7.862075810474196,16.242696886021633,2.249999999999996,11.19198814470743,15.592055433046289,2.1257111896778302,0.0,0.0,0.10227190194395307,0.011204820611994347,0.0,0.05,0.010000000000000002
225,7.799258448201923,16.320504205710424,2.259999999999996,11.12419729549367,15.701415257717183,2.149310327823588,0.0,0.0,0.1286668974102184,0.023599138145758015,0.0,0.05,0.010000000000000002
226,7.735666166542523,16.397679471912436,2.2699999999999956,11.066933767141409,15.789101991716198,2.173468253837059,0.0,0.0,0.10472857775585356,0.02415792601347115,0.0,0.05,0.010000000000000002
227,7.671305324671169,16.474214967165363,2.2799999999999954,11.065658764198357,15.79095501454648,2.1786992346562957,0.0,0.0,0.002249294581493222,0.005230980819236465,0.0,0.05,0.010000000000000002
228,7.606182358618415,16.550103037983455,2.289999999999995,10.990097891005469,15.899550391866821,2.1903987143402146,0.0,0.0,0.13229664218346143,0.01169947968391874,0.0,0.05,0.010000000000000002
229,7.540303780626597,16.62533609562287,2.299999999999995,10.958383450395175,15.944011410012203,2.190343803783742,0.0,0.0,0.05461307423820686,-5.4910556472245746e-05,0.0,0.05,0.010000000000000002
230,7.473676178498615,16.699906616840543,2.3099999999999947,10.955601432081941,15.947912022224354,2.1947138724560173,0.0,0.0,0.0047910751950637105,0.004370068672275254,0.0,0.05,0.010000000000000002
231,7.40630621493916,16.77380714464649,2.3199999999999945,10.884969630271868,16.0460335776629,2.2116467365142944,0.0,0.0,0.12089950814050912,0.016932864058277187,0.0,0.05,0.010000000000000002
232,7.338200626888445,16.847030289049517,2.3299999999999943,10.788428084283103,16.1754690023858,2.2238652257964584,0.0,0.0,0.16147383464542667,0.012218489282164003,0.0,0.05,0.010000000000000002
233,7.269366224848522,16.9195687277962,2.339999999999994,10.748212299721718,16.22803465719676,2.2437272393407035,0.0,0.0,0.06618502393738737,0.019862013544244966,0.0,0.05,0.010000000000000002
234,7.199809892202232,16.991415207103113,2.349999999999994,10.73986499008711,16.238507598578956,2.238551630501181,0.0,0.0,0.013392538195987536,-0.005175608839522844,0.0,0.05,0.010000000000000002
235,7.1295385845248775,17.0625625423822,2.3599999999999937,10.67398299094577,16.322049839559806,2.2370329428441296,0.0,0.0,0.10639428480403577,-0.0015186876570510628,0.0,0.05,0.010000000000000002
236,7.058559328888666,17.13300361895922,2.3699999999999934,10.589670233488848,16.4292979454358,2.234516673768163,0.0,0.0,0.13642139599043204,-0.002516269075966532,0.0,0.05,0.010000000000000002
237,6.986879223160012,17.202731392785214,2.3799999999999932,10.519109355249201,16.51951961859598,2.2526761321475823,0.0,0.0,0.11453727710126677,0.018159458379418996,0.0,0.05,0.010000000000000002
238,6.9145054352897555,17.27173889114091,2.389999999999993,10.467301196447625,16.583340439652403,2.2494699996716383,0.0,0.0,0.08220208342083213,-0.003206132475944129,0.0,0.05,0.010000000000000002
239,6.841445202596372,17.340019213333974,2.399999999999993,10.333345204149472,16.74944206905051,2.247890970328585,6.840333066149874,17.282566639245236,0.21338687673165127,-0.0015790293430534216,0.1,0.05,0.010000000000000002
240,6.767705831042248,17.40756553138909,2.4099999999999926,10.312210428797277,16.775733440513292,2.2619882953317405,0.0,0.0,0.03373299486529091,0.014097325003155381,0.0,0.05,0.010000000000000002
241,6.693294694503089,17.474371090730738,2.4199999999999924,10.21703008345905,16.890776972886357,2.2769573942779706,0.0,0.0,0.14931280078940395,0.014969098946230273,0.0,0.05,0.010000000000000002
242,6.61821923403054,17.540429210858658,2.429999999999992,10.155912611274708,16.962437458957385,2.3025095235966124,0.0,0.0,0.09418370703120685,0.02555212931864194,0.0,0.05,0.010000000000000002
243,6.5424869571080855,17.605733286015884,2.439999999999992,10.092059840559466,17.03354239826556,2.307748590251792,0.0,0.0,0.0955671948004778,0.0052390666551795015,0.0,0.05,0.010000000000000002
244,6.466105436900309,17.67027678584932,2.4499999999999917,10.00391891152484,17.130665645319752,2.2991119306723276,0.0,0.0,0.13115543637012114,-0.008636659579464587,0.0,0.05,0.010000000000000002
245,6.389082311495578,17.734053256062772,2.4599999999999915,9.933659587707696,17.20944153263316,2.3234116570227425,0.0,0.0,0.10555573411831708,0.024299726350415198,0.0,0.05,0.010000000000000002
246,6.311425283142249,17.797056319062364,2.4699999999999913,9.904525072090074,17.2405517490731,2.3494097087669084,0.0,0.0,0.04262235994420463,0.025998051744165834,0.0,0.05,0.010000000000000002
247,6.233142117478443,17.859279674594294,2.479999999999991,9.860411746812451,17.285267771305808,2.3587538007722593,0.0,0.0,0.06281327973737186,0.009344092005350883,0.0,0.05,0.010000000000000002
248,6.15424064275549,17.920717100374866,2.489999999999991,9.730341648067434,17.414673788631802,2.368441086012769,0.0,0.0,0.1834779221261077,0.00968728524051002,0.0,0.05,0.010000000000000002
249,6.0747287490551125,17.9813624527127,2.4999999999999907,9.65253769441766,17.490595037733016,2.3656309683156795,0.0,0.0,0.10870828518850113,-0.0028101176970896815,0.0,0.05,0.010000000000000002
250,5.99461438750042,18.041209667123095,2.5099999999999905,9.587573623015329,17.55434447091163,2.3685013977425164,0.0,0.0,0.09101824434563649,0.002870429426836993,0.0,0.05,0.010000000000000002
251,5.913905569460805,18.100252758934488,2.5199999999999902,9.472480431032734,17.66663908094431,2.3774981389650613,0.0,0.0,0.16079963396455246,0.00899674122254474,0.0,0.05,0.010000000000000002
252,5.832610365750817,18.158485823886895,2.52999999999999,9.453572734534694,17.68475785907887,2.3989257778844575,0.0,0.0,0.02618761363605815,0.021427638919395985,0.0,0.05,0.010000000000000002
253,5.7507369058230795,18.215903038722352,2.53999999999999,9.311997279447786,17.814722968630814,2.414518501873379,0.0,0.0,0.1921836080000414,0.015592723988921654,0.0,0.05,0.010000000000000002
254,5.668293376955358,18.272498661767223,2.5499999999999896,9.232879602279384,17.885110973841332,2.4290910702609985,0.0,0.0,0.10589654441028401,0.014572568387619576,0.0,0.05,0.010000000000000002
255,5.585288023431836,18.328267033506364,2.5599999999999894,9.160334700918616,17.94778162719883,2.443198083498698,0.0,0.0,0.09586643576194427,0.014107013237699563,0.0,0.05,0.010000000000000002
256,5.501729145718696,18.383202577149078,2.569999999999989,9.108758867611392,17.991081998523597,2.465360206150437,0.0,0.0,0.06734232501330316,0.022162122651739426,0.0,0.05,0.010000000000000002
257,5.417625099634076,18.43729979918678,2.579999999999989,9.043440118553274,18.04349696289782,2.4725939044254592,0.0,0.0,0.08374883562694199,0.00723369827502198,0.0,0.05,0.010000000000000002
258,5.3329842955124995,18.49055328994234,2.5899999999999888,9.005284677658413,18.07366363747909,2.4715136934684043,0.0,0.0,0.04864016781604962,-0.0010802109570549542,0.0,0.05,0.010000000000000002
259,5.247815197363844,18.54295772411107,2.5999999999999885,8.986281170148246,18.088721688136495,2.4833140925077326,0.0,0.0,0.024246199440117445,0.011800399039328427,0.0,0.05,0.010000000000000002
260,5.16212632202695,18.594507861293216,2.6099999999999883,8.851591198535942,18.192884212965186,2.4973218212465946,0.0,0.0,0.1702680828329567,0.014007728738861856,0.0,0.05,0.010000000000000002
261,5.075926238317944,18.645198546518024,2.619999999999988,8.802751719788603,18.229572594867925,2.5102304671425006,0.0,0.0,0.06108463023505163,0.012908645895905924,0.0,0.05,0.010000000000000002
262,4.989223566173364,18.69502471075921,2.629999999999988,8.72192753575451,18.288671492084276,2.5228655203113353,0.0,0.0,0.10012606242615144,0.012635053168834752,0.0,0.05,0.010000000000000002
263,4.902026975788173,18.74398137144187,2.6399999999999877,8.641260324551785,18.34610567094062,2.5209088905968997,0.0,0.0,0.09902466290842557,-0.0019566297144354623,0.0,0.05,0.010000000000000002
264,4.814345186748746,18.792063632940735,2.6499999999999875,8.540852898966389,18.417891132982206,2.5428318042238858,0.0,0.0,0.12342934688805106,0.021922913626986097,0.0,0.05,0.010000000000000002
265,4.726186967160918,18.839266687069724,2.6599999999999873,8.492935346604105,18.450586200012925,2.5706133712932124,0.0,0.0,0.05800913059627255,0.027781567069326798,0.0,0.05,0.010000000000000002
266,4.637561132773183,18.88558581356276,2.669999999999987,8.436198333393834,18.487031278957218,2.591213497214338,0.0,0.0,0.06743391170085129,0.02060012592112559,0.0,0.05,0.010000000000000002
267,4.548476546095126,18.931016380545792,2.679999999999987,8.293590755778235,18.57453914114187,2.604528363474703,0.0,0.0,0.16731571097036044,0.01331486626036525,0.0,0.05,0.010000000000000002
268,4.458942115511178,18.97555384499998,2.6899999999999866,8.185875581343272,18.638677717872582,2.614884293750301,0.0,0.0,0.12536473119899502,0.010355930275597884,0.0,0.05,0.010000000000000002
269,4.3689667943897845,19.019193753215994,2.6999999999999864,8.061606058536515,18.71094092405925,2.62470595100624,0.0,0.0,0.14375286176976063,0.00982165725593929,0.0,0.05,0.010000000000000002
270,4.278559580188079,19.061931741239377,2.709999999999986,8.018391859437527,18.735505398224866,2.6174036207191373,0.0,0.0,0.04970795102194599,-0.007302330287102635,0.0,0.05,0.010000000000000002
271,4.187729513552143,19.103763535306943,2.719999999999986,7.93576155264624,18.78327708112337,2.639587352512146,0.0,0.0,0.09544580287983949,0.022183731793008594,0.0,0.05,0.010000000000000002
272,4.0964856774129474,19.144684952274147,2.7299999999999858,7.915228649953487,18.794547778772003,2.645354142488251,0.0,0.0,0.02342282473308817,0.005766789976105259,0.0,0.05,0.010000000000000002
273,4.004837196078071,19.18469190003339,2.7399999999999856,7.865579143995431,18.821429430893662,2.6630291445698724,0.0,0.0,0.056459690600188774,0.017675002081621326,0.0,0.05,0.010000000000000002
274,3.912793234319274,19.223780377923237,2.7499999999999853,7.835029801144742,18.83727801376407,2.64971457446776,0.0,0.0,0.03441569304269657,-0.013314570102112492,0.0,0.05,0.010000000000000002
275,3.820362996456028,19.261946477128472,2.759999999999985,7.833351889947176,18.838177043561448,2.6788306975166742,0.0,0.0,0.0019035862374706782,0.0291161230489144,0.0,0.05,0.010000000000000002
276,3.7275557254350953,19.299186381070978,2.769999999999985,7.853538581852075,18.82810603572641,2.6927277072424856,0.0,0.0,-0.02255942660788777,0.013897009725811357,0.0,0.05,0.010000000000000002
277,3.6343807019062386,19.335496365791396,2.7799999999999847,7.791908820318628,18.8577903753769,2.7219247935037996,0.0,0.0,0.0684060489076454,0.02919708626131401,0.0,0.05,0.010000000000000002
278,3.540847243294165,19.37087280032151,2.7899999999999845,7.662064222810715,18.91572368839838,2.7178036687951947,0.0,0.0,0.14218258775123238,-0.004121124708604854,0.0,0.05,0.010000000000000002
279,3.446964702866792,19.40531214704735,2.7999999999999843,7.495506391688948,18.99086207025809,2.7443676202338825,3.327562457717855,19.250755806782514,0.1827218857621672,0.026563951438687672,0.1,0.05,0.010000000000000002
280,3.3527424687999265,19.43881096206294,2.809999999999984,7.495228764070447,18.99097854227353,2.749620863015669,0.0,0.0,0.0003010694686203075,0.005253242781786519,0.0,0.05,0.010000000000000002
281,3.2581899632384577,19.471365895514698,2.819999999999984,7.360370857311596,19.04672364184164,2.750379202383125,0.0,0.0,0.1459252244858222,0.0007583393674561929,0.0,0.05,0.010000000000000002
282,3.1633166413541476,19.502973691936404,2.8299999999999836,7.1320659435661735,19.140893507288034,2.7610121185660073,0.0,0.0,0.2469637568520863,0.010632916182882415,0.0,0.05,0.010000000000000002
283,3.068131990400124,19.53363119057476,2.8399999999999834,7.0449875157460236,19.175732369401345,2.7775441212212013,0.0,0.0,0.09378911933150573,0.01653200265519394,0.0,0.05,0.010000000000000002
284,2.9726455287621616,19.563335325705445,2.849999999999983,6.926570924056986,19.22085288680898,2.785061266954131,0.0,0.0,0.12672154622786466,0.007517145732929709,0.0,0.05,0.010000000000000002
285,2.876866805006853,19.592083126939702,2.859999999999983,6.841542352953132,19.25252160430714,2.7965897690309967,0.0,0.0,0.09073458861945334,0.011528502076865694,0.0,0.05,0.010000000000000002
286,2.780805396926758,19.619871719521363,2.869999999999983,6.730553570215041,19.29240828675112,2.80915800051561,0.0,0.0,0.11793836241897748,0.012568231484613316,0.0,0.05,0.010000000000000002
287,2.6844709105826343,19.646698324614327,2.8799999999999826,6.647967900798531,19.320920777525316,2.826539816540682,0.0,0.0,0.08736907303572448,0.017381816025072296,0.0,0.05,0.010000000000000002
288,2.5878729793428374,19.67256025958044,2.8899999999999824,6.620442901542584,19.32989139200933,2.8634384044904526,0.0,0.0,0.028949913786757788,0.03689858794977058,0.0,0.05,0.010000000000000002
289,2.4910212629199933,19.697454938247756,2.899999999999982,6.412096293305583,19.389386226948044,2.8728112056049726,0.0,0.0,0.21667474367873912,0.0093728011145201,0.0,0.05,0.010000000000000002
290,2.3939254464050346,19.721379871169155,2.909999999999982,6.299364789192109,19.420437746661758,2.877161100660226,0.0,0.0,0.11692984604547095,0.004349895055253278,0.0,0.05,0.010000000000000002
291,2.2965952392987,19.744332665871283,2.9199999999999817,6.204992940488185,19.445991032603093,2.895024495994575,0.0,0.0,0.09777022169452121,0.017863395334348806,0.0,0.05,0.010000000000000002
292,2.199040374540592,19.766311027093796,2.9299999999999815,6.184252869249759,19.451211090984195,2.9180351313582342,0.0,0.0,0.021386901703545316,0.023010635363659177,0.0,0.05,0.010000000000000002
293,2.101270607535891,19.78731275701889,2.9399999999999813,6.17175352115635,19.454052915639846,2.9428345053195284,0.0,0.0,0.012818333360217616,0.024799373961294387,0.0,0.05,0.010000000000000002
294,2.003295715179823,19.807335755491067,2.949999999999981,6.098951611948567,19.468716492667788,2.9573587693738403,0.0,0.0,0.07426397831757107,0.014524264054311923,0.0,0.05,0.010000000000000002
295,1.9051254948799778,19.82637802022717,2.959999999999981,5.996941527406709,19.487725766729774,2.9648860521331053,0.0,0.0,0.10376613054653633,0.00752728275926505,0.0,0.05,0.010000000000000002
296,1.8067697635765776,19.844437647016598,2.9699999999999807,5.902452834007642,19.50459852786529,2.9693794258623925,0.0,0.0,0.09598334880904652,0.004493373729286982,0.0,0.05,0.010000000000000002
297,1.7082383567607895,19.861512829911714,2.9799999999999804,5.845898146647729,19.51443543158253,2.9851469655498635,0.0,0.0,0.05740380943038364,0.015767539687471046,0.0,0.05,0.010000000000000002
298,1.6095411274911862,19.87760186140846,2.9899999999999802,5.6329988830281215,19.548017024105107,3.01958562161004,0.0,0.0,0.21553148216936566,0.03443865606017661,0.0,0.05,0.010000000000000002
299,1.510687945408447,19.892703132617097,2.99999999999998,5.517612420319672,19.56216525590316,3.0148899109981246,0.0,0.0,0.1162506268343522,-0.004695710611915588,0.0,0.05,0.010000000000000002
300,1.4116886957484027,19.906815133423084,3.00999999999998,5.387694532582179,19.57871486369528,3.0039013733740525,0.0,0.0,0.13096773294306074,-0.010988537624071967,0.0,0.05,0.010000000000000002
301,1.3125532783535203,19.919936452638105,3.0199999999999796,5.332478561535836,19.586366035231354,3.0142366580577766,0.0,0.0,0.05574355464504465,0.010335284683724251,0.0,0.05,0.010000000000000002
302,1.213291606682927,19.93206577814117,3.0299999999999794,5.296564551243709,19.590964789935295,3.0259801890800104,0.0,0.0,0.0362072462373207,0.011743531022233591,0.0,0.05,0.010000000000000002
303,1.1139136068210715,19.943201897009835,3.039999999999979,5.173125678278738,19.605299787588613,3.0349331467012335,0.0,0.0,0.12426844940121812,0.008952957621222857,0.0,0.05,0.010000000000000002
304,1.0144292164851259,19.953343695641497,3.049999999999979,5.137082728824503,19.609158755442774,3.050733772633596,0.0,0.0,0.036248942581265785,0.015800625932362363,0.0,0.05,0.010000000000000002
305,0.9148483840312199,19.962490159864743,3.0599999999999787,4.985743605412951,19.62294722255009,3.041771673442382,0.0,0.0,0.15196595704349916,-0.008962099191213815,0.0,0.05,0.010000000000000002
306,0.8151810674596154,19.970640375040773,3.0699999999999785,4.897756932016509,19.63175942692782,3.058226186328596,0.0,0.0,0.08842686040659359,0.016454512886213885,0.0,0.05,0.010000000000000002
307,0.7154372334189136,19.97779352615486,3.0799999999999783,4.75522757369232,19.643669199650375,3.079480701924142,0.0,0.0,0.1430260838819542,0.021254515595546156,0.0,0.05,0.010000000000000002
308,0.6156268562093992,19.983948897897854,3.089999999999978,4.690393754098184,19.64770134124574,3.0833989286225894,0.0,0.0,0.0649590819594153,0.003918226698447339,0.0,0.05,0.010000000000000002
309,0.515759916785618,19.98910587473771,3.099999999999978,4.58859754887533,19.653631937801215,3.0807071075570334,0.0,0.0,0.10196881569027516,-0.002691821065555905,0.0,0.05,0.010000000000000002
310,0.4158464017582901,19.99326394098104,3.1099999999999777,4.430940404309177,19.663242858123287,3.1006266288637074,0.0,0.0,0.1579498180505131,0.019919521306673883,0.0,0.05,0.010000000000000002
311,0.31589630239565736,19.99642268082469,3.1199999999999775,4.403940581558906,19.66434955268949,3.1082889139598464,0.0,0.0,0.02702249435949429,0.007662285096139092,0.0,0.05,0.010000000000000002
312,0.21591961362436457,19.998581778397302,3.1299999999999772,4.324566875824738,19.666993971667164,3.117878487997656,0.0,0.0,0.07941774432520617,0.009589574037809698,0.0,0.05,0.010000000000000002
313,0.11592633302997521,19.99974101779092,3.139999999999977,4.214057444609292,19.66961510197798,3.120265493862728,0.0,0.0,0.11054051163111073,0.0023870058650717106,0.0,0.05,0.010000000000000002
314,0.015926459857221256,19.99990028308257,3.149999999999977,4.163450314493941,19.670694571995075,3.138660644559546,0.0,0.0,0.05061864156642183,0.018395150696817963,0.0,0.05,0.010000000000000002
315,-0.08407000598991297,19.99905955834586,3.1599999999999766,4.105736320979216,19.670863790430136,3.1467200506638657,0.0,0.0,0.057714241589892606,0.00805940610431964,0.0,0.05,0.010000000000000002
316,-0.18405306494817286,19.997218927652558,3.1699999999999764,4.0176665843894614,19.670412217963115,3.158856239049079,0.0,0.0,0.08807089428796368,0.012136188385212967,0.0,0.05,0.010000000000000002
317,-0.2840127187949815,19.9943785750642,3.179999999999976,3.885944249550759,19.66813799224403,3.160169011209427,0.0,0.0,0.13174196597129012,0.0013127721603480441,0.0,0.05,0.010000000000000002
318,-0.3839389716482537,19.99053878461368,3.189999999999976,3.7362061964850257,19.665356084619106,3.176467210364192,0.0,0.0,0.1497638926642531,0.016298199154765203,0.0,0.05,0.010000000000000002
319,-0.4838218309659757,19.98569994027684,3.1999999999999758,3.58250229491381,19.659993554969454,3.1975523417121035,-0.3876888532723463,20.03783898440101,0.1537974189720276,0.021085131347911665,0.1,0.05,0.010000000000000002
320,-0.5836513085454511,19.979862525934085,3.2099999999999755,3.4915476445899176,19.654898441566807,3.2182734224965004,0.0,0.0,0.09109724801621288,0.020721080784396863,0.0,0.05,0.010000000000000002
321,-0.683417421522113,19.97302712532198,3.2199999999999753,3.3958347396660744,19.64754468355044,3.226928335400053,0.0,0.0,0.09599498906674193,0.008654912903552773,0.0,0.05,0.010000000000000002
322,-0.783110193367802,19.965194421974896,3.229999999999975,3.2604554395253635,19.635963873838243,3.244340786392526,0.0,0.0,0.13587372836637227,0.017412450992473023,0.0,0.05,0.010000000000000002
323,-0.8827196548884103,19.95636519915664,3.239999999999975,3.110196489582091,19.6204704867301,3.2707478155594396,0.0,0.0,0.15105560923758407,0.02640702916691349,0.0,0.05,0.010000000000000002
324,-0.9822358452207935,19.946540339782132,3.2499999999999747,3.00156677274045,19.606361861756703,3.289251796659422,0.0,0.0,0.10954208634006878,0.01850398109998273,0.0,0.05,0.010000000000000002
325,-1.0816488128288484,19.935720826329124,3.2599999999999745,2.9082067069787048,19.592475323686656,3.310756921981383,0.0,0.0,0.09438716977750836,0.021505125321960722,0.0,0.05,0.010000000000000002
326,-1.180948616498658,19.923907740739946,3.2699999999999743,2.8620291717749455,19.584588358229375,3.316588452873894,0.0,0.0,0.04684622697313782,0.005831530892510973,0.0,0.05,0.010000000000000002
327,-1.280125326332605,19.91110226431331,3.279999999999974,2.738745525949869,19.56279128136523,3.3193217949250884,0.0,0.0,0.1251957263158143,0.0027333420511947318,0.0,0.05,0.010000000000000002
328,-1.3791690247423525,19.89730567758619,3.289999999999974,2.6220356192297674,19.54182732965103,3.3381778025992617,0.0,0.0,0.11857777868593276,0.01885600767417324,0.0,0.05,0.010000000000000002
329,-1.4780698074405962,19.88251936020576,3.2999999999999736,2.487025570642869,19.514939091669405,3.3442115547949727,0.0,0.0,0.13766150718771436,0.006033752195710904,0.0,0.05,0.010000000000000002
330,-1.5768177844314832,19.866744790791437,3.3099999999999734,2.4489648487574223,19.507119972882055,3.3724429645728065,0.0,0.0,0.03885559379358409,0.02823140977783364,0.0,0.05,0.010000000000000002
331,-1.675403080999604,19.849983546787016,3.319999999999973,2.363621905153626,19.487060927403878,3.383620384866421,0.0,0.0,0.08766859944390794,0.011177420293614427,0.0,0.05,0.010000000000000002
332,-1.773815838697456,19.832237304302932,3.329999999999973,2.2815436861098766,19.466798528859474,3.405972636736573,0.0,0.0,0.08454229022309484,0.022352251870151774,0.0,0.05,0.010000000000000002
333,-1.8720462163312797,19.813507837948645,3.3399999999999728,2.1396567027094586,19.42838731233589,3.4176377354505525,0.0,0.0,0.14699434551468984,0.011665098713979534,0.0,0.05,0.010000000000000002
334,-1.97008439094517,19.79379702065518,3.3499999999999726,2.1543624663504213,19.432553120283877,3.424600862628436,0.0,0.0,-0.01528441821344111,0.006963127177883408,0.0,0.05,0.010000000000000002
335,-2.067920558803364,19.773106823487844,3.3599999999999723,2.075144952416905,19.409515549817055,3.4294050255610107,0.0,0.0,0.0824993585842977,0.0048041629325746085,0.0,0.05,0.010000000000000002
336,-2.1655449363706056,19.751439315449108,3.369999999999972,2.0805536560133655,19.411116698621033,3.438409331241781,0.0,0.0,-0.005640722656437469,0.009004305680770331,0.0,0.05,0.010000000000000002
337,-2.2629477612904916,19.728796663271723,3.379999999999972,1.9857958164268554,19.38213484868617,3.441293526748169,0.0,0.0,0.09909084614004311,0.0028841955063876423,0.0,0.05,0.010000000000000002
338,-2.3601192933616986,19.705181131202036,3.3899999999999717,1.8451107851262551,19.338661973976684,3.446396316928413,0.0,0.0,0.14724866338122553,0.005102790180243864,0.0,0.05,0.010000000000000002
339,-2.4570498155119953,19.680595080773575,3.3999999999999715,1.7810699647954167,19.31851425520999,3.455635558414137,0.0,0.0,0.06713536504815168,0.009239241485724357,0.0,0.05,0.010000000000000002
340,-2.553729634769942,19.655040970570894,3.4099999999999713,1.627857840276251,19.268752327487316,3.4742308270293925,0.0,0.0,0.1610906718291065,0.01859526861525529,0.0,0.05,0.010000000000000002
341,-2.6501490832341794,19.628521355983718,3.419999999999971,1.5872202527585673,19.25471304746878,3.488258042229712,0.0,0.0,0.04299435896366284,0.014027215200319385,0.0,0.05,0.010000000000000002
342,-2.7462985190402103,19.601038888951408,3.429999999999971,1.440482548244153,19.20170344410653,3.5001317529783798,0.0,0.0,0.1560191397706778,0.011873710748667776,0.0,0.05,0.010000000000000002
343,-2.842168327324578,19.572596317697766,3.4399999999999706,1.377548633549282,19.178119847736212,3.5253659319268382,0.0,0.0,0.06720761591203298,0.025234178948458592,0.0,0.05,0.010000000000000002
344,-2.9377489211863455,19.54319648645621,3.4499999999999704,1.1812737184135487,19.09886510130042,3.545787381880876,0.0,0.0,0.21167228714251057,0.02042144995403787,0.0,0.05,0.010000000000000002
345,-3.033030742645777,19.512842335185372,3.45999999999997,1.1124947157801603,19.069445117749495,3.5356587237873587,0.0,0.0,0.074806995898647,-0.010128658093517262,0.0,0.05,0.010000000000000002
346,-3.1280042636001277,19.481536899275078,3.46999999999997,0.9852219320542264,19.016523058248186,3.5495414788658657,0.0,0.0,0.13783724409320064,0.013882755078506781,0.0,0.05,0.010000000000000002
347,-3.2226599867764465,19.449283309242833,3.47999999999997,0.8780316679340819,18.97019599174911,3.5621688589065856,0.0,0.0,0.11677306972309952,0.012627380040719819,0.0,0.05,0.010000000000000002
348,-3.316988446681295,19.41608479042076,3.4899999999999696,0.700778776217287,18.890917182663635,3.5479201769555093,0.0,0.0,0.19417445040987566,-0.014248681951076448,0.0,0.05,0.010000000000000002
349,-3.4109802105472897,19.38194466263308,3.4999999999999694,0.669562985665452,18.877485904529497,3.551919149971098,0.0,0.0,0.03398271343039879,0.0039989730155886955,0.0,0.05,0.010000000000000002
350,-3.5046258792763703,19.34686633986412,3.509999999999969,0.4814890132696519,18.7956700717613,3.559171777558694,0.0,0.0,0.20509912136401243,0.007252627587595966,0.0,0.05,0.010000000000000002
351,-3.597916088379702,19.310853329916927,3.519999999999969,0.41646389663589917,18.766820247420455,3.5630904443550304,0.0,0.0,0.07113774074097963,0.003918666796336386,0.0,0.05,0.010000000000000002
352,-3.6908415089141156,19.273909234062483,3.5299999999999687,0.31696127238746324,18.722206231825993,3.572302598804755,0.0,0.0,0.10904669926131767,0.009212154449724707,0.0,0.05,0.010000000000000002
353,-3.7833928484149952,19.236037746679585,3.5399999999999685,0.2360219111284002,18.685016167672448,3.593045441119757,0.0,0.0,0.08907458151891594,0.020742842315002015,0.0,0.05,0.010000000000000002
354,-3.875560851825517,19.197242654885414,3.5499999999999683,0.08598055299657154,18.612268898856886,3.5930861241188126,0.0,0.0,0.16674703676577607,4.068299905517076e-05,0.0,0.05,0.010000000000000002
355,-3.967336302422146,19.15752783815682,3.559999999999968,0.01904398656665897,18.57981146777096,3.59964772191412,0.0,0.0,0.07439078409402393,0.006561597795307417,0.0,0.05,0.010000000000000002
356,-4.058710022736301,19.11689726794238,3.569999999999968,-0.07272702888203061,18.534565719197925,3.6036771435144823,0.0,0.0,0.10231860554375186,0.0040294216003624065,0.0,0.05,0.010000000000000002
357,-4.149672875472097,19.07535500726526,3.5799999999999677,-0.21508695045054543,18.463663698299815,3.6020280550478523,0.0,0.0,0.15903912674694204,-0.0016490884666299265,0.0,0.05,0.010000000000000002
358,-4.2402157644200615,19.032905210316905,3.5899999999999674,-0.3849070552778263,18.379434426600245,3.619010003770654,0.0,0.0,0.18956117275061588,0.016981948722801395,0.0,0.05,0.010000000000000002
359,-4.330329635366752,18.989552122041637,3.5999999999999672,-0.46909450011746046,18.33588151647974,3.6293651953051813,-4.24547489612144,19.09094119113091,0.09478597917725552,0.010355191534527509,0.1,0.05,0.010000000000000002
360,-4.420005477000168,18.945300077712155,3.609999999999967,-0.5823396146186202,18.27580154504879,3.621174597565297,0.0,0.0,0.1281953935425326,-0.008190597739884049,0.0,0.05,0.010000000000000002
361,-4.509234321810876,18.900153502496014,3.619999999999967,-0.6535376567911885,18.23877289606302,3.6381994602095435,0.0,0.0,0.08025136793175731,0.01702486264424657,0.0,0.05,0.010000000000000002
362,-4.598007246988752,18.85411691101312,3.6299999999999666,-0.7531181876376534,18.184809733853434,3.6537553420626487,0.0,0.0,0.11326210751756985,0.015555881853105233,0.0,0.05,0.010000000000000002
363,-4.686315375315257,18.80719490688425,3.6399999999999664,-0.8567259403867762,18.126561298374526,3.661326855121415,0.0,0.0,0.11885893599331986,0.007571513058766352,0.0,0.05,0.010000000000000002
364,-4.774149876051146,18.759392182270716,3.649999999999966,-0.9366892530748722,18.080805575218662,3.64602508741034,0.0,0.0,0.09212880970451182,-0.015301767711074624,0.0,0.05,0.010000000000000002
365,-4.861501965819541,18.71071351740515,3.659999999999966,-0.9453647167448728,18.076016096587566,3.6628129421376023,0.0,0.0,0.009909731350911511,0.016787854727262238,0.0,0.05,0.010000000000000002
366,-4.94836290948426,18.66116378011347,3.6699999999999657,-1.0117011252710832,18.037926838888453,3.6657312049052115,0.0,0.0,0.07649386019953285,0.0029182627676091963,0.0,0.05,0.010000000000000002
367,-5.034724021023318,18.61074792532811,3.6799999999999655,-1.026067478473153,18.029622078297628,3.671758931946276,0.0,0.0,0.016594009545542045,0.0060277270410641764,0.0,0.05,0.010000000000000002
368,-5.12057666439753,18.55947099459254,3.6899999999999653,-1.1060493568542853,17.98274146844077,3.682551889469338,0.0,0.0,0.09270864280057695,0.010792957523062268,0.0,0.05,0.010000000000000002
369,-5.205912254414102,18.507338115557104,3.699999999999965,-1.2149438648551458,17.91732480476722,3.694079080482286,0.0,0.0,0.12703288455722014,0.011527191012948185,0.0,0.05,0.010000000000000002
370,-5.290722257585145,18.45435450146626,3.709999999999965,-1.3245699734598229,17.84973685412792,3.700177664011721,0.0,0.0,0.1287867025722187,0.006098583529435034,0.0,0.05,0.010000000000000002
371,-5.374998192981016,18.40052545063726,3.7199999999999647,-1.4111537691314988,17.795623704210264,3.7128208262888633,0.0,0.0,0.10210282399094131,0.012643162277142204,0.0,0.05,0.010000000000000002
372,-5.458731633078406,18.345856345930336,3.7299999999999645,-1.4971472379415338,17.740355471882744,3.7343715950404635,0.0,0.0,0.10222257178623123,0.021550768751600002,0.0,0.05,0.010000000000000002
373,-5.541914204603082,18.2903526542104,3.7399999999999642,-1.5605970458996221,17.6976164481692,3.7525661552007716,0.0,0.0,0.07650164885742754,0.01819456016030801,0.0,0.05,0.010000000000000002
374,-5.624537589367211,18.234019925800364,3.749999999999964,-1.6389340339367247,17.642751658467926,3.7685457882967057,0.0,0.0,0.09563905501253189,0.015979633095933886,0.0,0.05,0.010000000000000002
375,-5.7065935251011695,18.176863793926135,3.759999999999964,-1.7593457644998383,17.55551836221924,3.7811498970165034,0.0,0.0,0.14868971999306213,0.012604108719797755,0.0,0.05,0.010000000000000002
376,-5.788073806279763,18.118889974153262,3.7699999999999636,-1.79129955844676,17.531749345589343,3.783702402109434,0.0,0.0,0.03982475485366524,0.0025525050929304906,0.0,0.05,0.010000000000000002
377,-5.868970284942773,18.06010426381542,3.7799999999999634,-1.8604292544335521,17.48005220501959,3.7977811151256193,0.0,0.0,0.0863221246860565,0.0140787130161851,0.0,0.05,0.010000000000000002
378,-5.949274871509749,18.000512541434645,3.789999999999963,-1.979807602202992,17.38812902441254,3.816354044615672,0.0,0.0,0.1506687129070864,0.018572929490052858,0.0,0.05,0.010000000000000002
379,-6.028979535588952,17.94012076613352,3.799999999999963,-2.0760891099346663,17.311100589274286,3.8314820752969196,0.0,0.0,0.12330250829132682,0.015128030681247752,0.0,0.05,0.010000000000000002
380,-6.108076306780396,17.878934977039254,3.8099999999999627,-2.1715721113115927,17.232312769657682,3.834988202644875,0.0,0.0,0.12379226176092187,0.003506127347955544,0.0,0.05,0.010000000000000002
381,-6.186557275472875,17.81696129267976,3.8199999999999625,-2.3021072020771602,17.12383018596523,3.834588628793534,0.0,0.0,0.16972884517890657,-0.0003995738513413241,0.0,0.05,0.010000000000000002
382,-6.264414593634921,17.754205910371834,3.8299999999999623,-2.3524778125000525,17.082003167574022,3.8375177318912925,0.0,0.0,0.06547287882683149,0.0029291030977587496,0.0,0.05,0.010000000000000002
383,-6.341640475599598,17.690675105601407,3.839999999999962,-2.443521170360971,17.00595043587009,3.8491873410377733,0.0,0.0,0.11862930080811165,0.011669609146480808,0.0,0.05,0.010000000000000002
384,-6.418227198843064,17.62637523139602,3.849999999999962,-2.496273517739781,16.960828454216504,3.8403505410605083,0.0,0.0,0.06941760138697654,-0.008836799977264885,0.0,0.05,0.010000000000000002
385,-6.494167104756817,17.561312717689503,3.8599999999999617,-2.582497358105623,16.888386005681554,3.85138081349026,0.0,0.0,0.11261642418925025,0.01103027242975139,0.0,0.05,0.010000000000000002
386,-6.569452599413548,17.495494070679015,3.8699999999999615,-2.6670051428244888,16.815780264664557,3.8542656919998954,0.0,0.0,0.11141435862005211,0.0028848785096355425,0.0,0.05,0.010000000000000002
387,-6.644076154326531,17.428925872174407,3.8799999999999613,-2.759283785627039,16.736034239878556,3.873111550291603,0.0,0.0,0.12196219244770251,0.018845858291707707,0.0,0.05,0.010000000000000002
388,-6.71803030720246,17.361614778940055,3.889999999999961,-2.8717203554863433,16.635104810721646,3.889502780943249,0.0,0.0,0.15109179961753746,0.016391230651645643,0.0,0.05,0.010000000000000002
389,-6.791307662687674,17.29356752202919,3.899999999999961,-2.900508863667686,16.608397699446492,3.9025776177046265,0.0,0.0,0.0392689189559729,0.013074836761377535,0.0,0.05,0.010000000000000002
390,-6.863900893107691,17.224790906110794,3.9099999999999606,-2.9153128934856096,16.594299407971295,3.9142835354410854,0.0,0.0,0.020443119169285498,0.011705917736458873,0.0,0.05,0.010000000000000002
391,-6.9358027391999615,17.15529180878915,3.9199999999999604,-3.0503735925839353,16.46262832714594,3.931061229697425,0.0,0.0,0.1886230790933226,0.016777694256339976,0.0,0.05,0.010000000000000002
392,-7.007006010839795,17.085077179916073,3.92999999999996,-3.081329008282852,16.431419877461806,3.921992909945039,0.0,0.0,0.04395685490091107,-0.009068319752386575,0.0,0.05,0.010000000000000002
393,-7.077503587759364,17.01415404089594,3.93999999999996,-3.144398845175963,16.368977344946813,3.9390991866651612,0.0,0.0,0.0887517559973298,0.017106276720122465,0.0,0.05,0.010000000000000002
394,-7.1472884202597236,16.942529483983545,3.9499999999999598,-3.14323880600608,16.370165822211693,3.967285644021371,0.0,0.0,-0.0016607736404439023,0.02818645735620953,0.0,0.05,0.010000000000000002
395,-7.216353529915777,16.870210671574895,3.9599999999999596,-3.1936899232527685,16.315475765062644,3.9678435655988116,0.0,0.0,0.07440643508733229,0.000557921577440837,0.0,0.05,0.010000000000000002
396,-7.284692010274114,16.79720483549097,3.9699999999999593,-3.288980341766412,16.212063267319866,3.9772356789538437,0.0,0.0,0.1406215081340871,0.009392113355031997,0.0,0.05,0.010000000000000002
397,-7.352297027543646,16.723519276254535,3.979999999999959,-3.3760473810506277,16.115775848183663,3.99931681380275,0.0,0.0,0.12981500842980265,0.02208113484890614,0.0,0.05,0.010000000000000002
398,-7.419161821278984,16.64916136236011,3.989999999999959,-3.4584957127895533,16.020447148303223,4.001297656439252,0.0,0.0,0.12603685344940543,0.0019808426365023057,0.0,0.05,0.010000000000000002
399,-7.485279705056476,16.574138529537123,3.9999999999999587,-3.5377485326304976,15.928445475434128,4.006432277768557,-7.6385223820483,16.33467941885641,0.12143029796328908,0.005134621329304448,0.1,0.05,0.010000000000000002
400,-7.55064406714284,16.498458280006332,4.009999999999959,-3.592058750116634,15.864740159252353,4.0158774790138105,0.0,0.0,0.08371360124383241,0.009445201245253628,0.0,0.05,0.010000000000000002
401,-7.615248371156339,16.422128181729626,4.019999999999959,-3.6919936026944775,15.745249803575643,4.021826949820475,0.0,0.0,0.1557720124396612,0.005949470806663827,0.0,0.05,0.010000000000000002
402,-7.679086156720408,16.345155867653226,4.0299999999999585,-3.7138951650753262,15.718743625538043,4.037011650852147,0.0,0.0,0.0343839484190395,0.015184701031672278,0.0,0.05,0.010000000000000002
403,-7.742151040109689,16.267549034944395,4.039999999999958,-3.8472963716413062,15.552209487459757,4.031029562161396,0.0,0.0,0.21337643041989543,-0.00598208869075117,0.0,0.05,0.010000000000000002
404,-7.804436714888396,16.189315444221734,4.049999999999958,-3.9859538361899407,15.381220004170121,4.04431206224353,0.0,0.0,0.22014380725042587,0.01328250008213451,0.0,0.05,0.010000000000000002
405,-7.865936952540957,16.110462918779117,4.059999999999958,-4.051154246653266,15.298596722945176,4.063442069070562,0.0,0.0,0.10525065379826629,0.01913000682703231,0.0,0.05,0.010000000000000002
406,-7.9266456030948556,16.03099934380338,4.069999999999958,-4.099210430232916,15.235243535059718,4.0838079567213805,0.0,0.0,0.07951743956825524,0.020365887650818818,0.0,0.05,0.010000000000000002
407,-7.986556595735627,15.950932665585801,4.079999999999957,-4.154752666843453,15.158838388669613,4.108553797581197,0.0,0.0,0.0944599727005789,0.024745840859816973,0.0,0.05,0.010000000000000002
408,-8.045663939413934,15.87027089072748,4.089999999999957,-4.1664945475729125,15.141815788646538,4.12912410677322,0.0,0.0,0.02067947471795315,0.020570309192022036,0.0,0.05,0.010000000000000002
409,-8.103961723444664,15.789022085338685,4.099999999999957,-4.216678350849508,15.065761835969136,4.143893573594177,0.0,0.0,0.0911187018627918,0.014769466820957297,0.0,0.05,0.010000000000000002
410,-8.161444118097995,15.707194374232246,4.109999999999957,-4.240679527692777,15.028192363530133,4.159574440657562,0.0,0.0,0.044581630176641907,0.015680867063385655,0.0,0.05,0.010000000000000002
411,-8.218105375182363,15.624795940111087,4.119999999999957,-4.321436721630363,14.897302199895764,4.181671780295258,0.0,0.0,0.15379843727718656,0.022097339637696157,0.0,0.05,0.010000000000000002
412,-8.273939828619277,15.541835022749952,4.129999999999956,-4.391960019317525,14.777135900588183,4.176751283529881,0.0,0.0,0.13933224682732728,-0.004920496765377419,0.0,0.05,0.010000000000000002
413,-8.328941895009923,15.458319918171444,4.139999999999956,-4.420513004818663,14.729027645663507,4.193315677123699,0.0,0.0,0.055943517702463225,0.01656439359381789,0.0,0.05,0.010000000000000002
414,-8.383106074193496,15.374258977816426,4.149999999999956,-4.454275578274107,14.669933154055911,4.213213803487082,0.0,0.0,0.06805931460641065,0.01989812636338288,0.0,0.05,0.010000000000000002
415,-8.436426949797214,15.289660607708884,4.159999999999956,-4.4688052961229765,14.643284464522228,4.234637573876496,0.0,0.0,0.030352353362307707,0.021423770389413774,0.0,0.05,0.010000000000000002
416,-8.488899189777953,15.204533267615329,4.1699999999999555,-4.484583215871033,14.612810813766698,4.229076279305132,0.0,0.0,0.034315975025432446,-0.005561294571363781,0.0,0.05,0.010000000000000002
417,-8.54051754695544,15.118885470198832,4.179999999999955,-4.482724839978009,14.616351732757344,4.228772183812012,0.0,0.0,-0.003998958396643659,-0.00030409549311962716,0.0,0.05,0.010000000000000002
418,-8.591276859536972,15.032725780167759,4.189999999999955,-4.483414754336652,14.615038152150474,4.216907494212314,0.0,0.0,0.001483737117217665,-0.011864689599698611,0.0,0.05,0.010000000000000002
419,-8.641172051633589,14.946062813419317,4.199999999999955,-4.537775670596724,14.514453581065128,4.2229621991081725,0.0,0.0,0.11433444431604044,0.006054704895859119,0.0,0.05,0.010000000000000002
420,-8.690198133767662,14.85890523617796,4.209999999999955,-4.57715457187339,14.44052370552649,4.2458550994829,0.0,0.0,0.08376350257072529,0.02289290037472698,0.0,0.05,0.010000000000000002
421,-8.738350203371834,14.771261764128782,4.2199999999999545,-4.632753514147588,14.33012358638169,4.229107588714925,0.0,0.0,0.12360998620336204,-0.01674751076797519,0.0,0.05,0.010000000000000002
422,-8.785623445279269,14.683141161545953,4.229999999999954,-4.7182684349953625,14.167172458230686,4.2347711977030675,0.0,0.0,0.18402682373307966,0.005663608988143092,0.0,0.05,0.010000000000000002
423,-8.832013132205171,14.594552240416295,4.239999999999954,-4.742377252375241,14.120593175754024,4.237532605403262,0.0,0.0,0.05244868569847099,0.0027614077001940854,0.0,0.05,0.010000000000000002
424,-8.877514625219506,14.505503859558099,4.249999999999954,-4.817927044879482,13.973635023210928,4.254284804782304,0.0,0.0,0.16524064193264804,0.016752199379042796,0.0,0.05,0.010000000000000002
425,-8.922123374210889,14.416004923735242,4.259999999999954,-4.8644248030818575,13.879336258386203,4.276848827929993,0.0,0.0,0.1051394244102333,0.022564023147689405,0.0,0.05,0.010000000000000002
426,-8.965834918341596,14.326064382766726,4.269999999999953,-4.897044382868337,13.809238422048049,4.280725334242674,0.0,0.0,0.07731586929432573,0.0038765063126807013,0.0,0.05,0.010000000000000002
427,-9.00864488649364,14.235691230631698,4.279999999999953,-4.975034213717326,13.6399294470725,4.295366611789312,0.0,0.0,0.1864080006950471,0.014641277546638099,0.0,0.05,0.010000000000000002
428,-9.05054899770588,14.14489450457006,4.289999999999953,-5.009339364020762,13.562492203088427,4.296383541171694,0.0,0.0,0.084695750148341,0.0010169293823818898,0.0,0.05,0.010000000000000002
429,-9.091543061602115,14.053683284178753,4.299999999999953,-5.054437642853592,13.460411367667337,4.299205437527496,0.0,0.0,0.11159906681487647,0.0028218963558021993,0.0,0.05,0.010000000000000002
430,-9.131622978810118,13.962066690503809,4.3099999999999525,-5.1129204529645715,13.32701730544394,4.3061233534085845,0.0,0.0,0.14565100382399196,0.00691791588108855,0.0,0.05,0.010000000000000002
431,-9.170784741371566,13.870053885128248,4.319999999999952,-5.141881760484394,13.259696515044036,4.3008203318979,0.0,0.0,0.07328605701854574,-0.0053030215106844,0.0,0.05,0.010000000000000002
432,-9.209024433142838,13.77765406925593,4.329999999999952,-5.137820026808312,13.26900180116411,4.300545999086086,0.0,0.0,-0.010153129085749214,-0.0002743328118135116,0.0,0.05,0.010000000000000002
433,-9.246338230186625,13.684876482791445,4.339999999999952,-5.178994021920112,13.174744190681237,4.326231758723677,0.0,0.0,0.10285813048761838,0.025685759637589956,0.0,0.05,0.010000000000000002
434,-9.282722401154315,13.591730403416122,4.349999999999952,-5.238374769714466,13.028691204900412,4.334709271066835,0.0,0.0,0.15766276625795506,0.00847751234315781,0.0,0.05,0.010000000000000002
435,-9.318173307659132,13.498225145660278,4.3599999999999515,-5.248133414797905,13.004093181103421,4.3545268892131626,0.0,0.0,0.026463067255740637,0.019817618146327737,0.0,0.05,0.010000000000000002
436,-9.352687404639969,13.40437005997177,4.369999999999951,-5.263519217435218,12.962950711653077,4.357605673700751,0.0,0.0,0.04392522868770158,0.0030787844875880877,0.0,0.05,0.010000000000000002
437,-9.38626124071589,13.310174531780952,4.379999999999951,-5.272885335100857,12.937668222197988,4.361172431441323,0.0,0.0,0.02696161035942181,0.003566757740572621,0.0,0.05,0.010000000000000002
438,-9.418891458531261,13.215647980562148,4.389999999999951,-5.321903685595038,12.803887346768683,4.371761296593657,0.0,0.0,0.1424784942221163,0.010588865152333846,0.0,0.05,0.010000000000000002
439,-9.450574795091498,13.120799858891706,4.399999999999951,-5.327624683181374,12.787746547321513,4.380740620126149,-9.322844592548801,13.188918262283591,0.017124696206841816,0.008979323532491658,0.1,0.05,0.010000000000000002
440,-9.481308082089345,13.025639651502756,4.40999999999995,-5.357067276461822,12.702248991600165,4.395949356632586,0.0,0.0,0.09042509791757486,0.015208736506436286,0.0,0.05,0.010000000000000002
441,-9.511088246221714,12.930176874336736,4.41999999999995,-5.384848373619469,12.617406362595164,4.389234528136948,0.0,0.0,0.08927519843586447,-0.006714828495637915,0.0,0.05,0.010000000000000002
442,-9.539912309497007,12.83442107359181,4.42999999999995,-5.429344661442002,12.484539562026507,4.387753208327882,0.0,0.0,0.14011961434195072,-0.0014813198090652471,0.0,0.05,0.010000000000000002
443,-9.567777389532917,12.738381824768258,4.43999999999995,-5.462838695315543,12.3850155459885,4.3906693821842016,0.0,0.0,0.10500895234909838,0.0029161738563194014,0.0,0.05,0.010000000000000002
444,-9.594680699844663,12.642068731710927,4.4499999999999496,-5.489213789569283,12.305882097743046,4.407579724565132,0.0,0.0,0.08341311784191707,0.01691034238092993,0.0,0.05,0.010000000000000002
445,-9.62061955012363,12.545491425648864,4.459999999999949,-5.545415207940335,12.127245763411587,4.414531100838597,0.0,0.0,0.18726862890056917,0.006951376273465972,0.0,0.05,0.010000000000000002
446,-9.645591346506407,12.448659564232194,4.469999999999949,-5.577948559063048,12.021270726238782,4.43496276613641,0.0,0.0,0.11085633693682527,0.02043166529781247,0.0,0.05,0.010000000000000002
447,-9.669593591834166,12.351582830566366,4.479999999999949,-5.6037455817115625,11.930681678768767,4.44540339322977,0.0,0.0,0.09419056162404352,0.010440627093360622,0.0,0.05,0.010000000000000002
448,-9.692623885902377,12.25427093224385,4.489999999999949,-5.625523186421061,11.85106058826053,4.453676174792484,0.0,0.0,0.08254563659336503,0.008272781562714217,0.0,0.05,0.010000000000000002
449,-9.714679925700823,12.156733600373384,4.4999999999999485,-5.660386549230142,11.719323617876787,4.458062326064482,0.0,0.0,0.13627209337294635,0.004386151271997625,0.0,0.05,0.010000000000000002
450,-9.735759505643905,12.058980588606875,4.509999999999948,-5.681366914232695,11.638616185232,4.467014456156803,0.0,0.0,0.08338983990722953,0.008952130092320858,0.0,0.05,0.010000000000000002
451,-9.755860517791197,11.961021672164039,4.519999999999948,-5.723059982913634,11.47212404623277,4.487053494580697,0.0,0.0,0.1716331679034459,0.02003903842389393,0.0,0.05,0.010000000000000002
452,-9.774980952058232,11.862866646854888,4.529999999999948,-5.761374588810185,11.30497810648327,4.491154941808258,0.0,0.0,0.17148111907656585,0.004101447227561035,0.0,0.05,0.010000000000000002
453,-9.79311889641752,11.764525328100158,4.539999999999948,-5.770727090074258,11.263395822789066,4.509508669104088,0.0,0.0,0.042621069873006984,0.01835372729583036,0.0,0.05,0.010000000000000002
454,-9.810272537089736,11.666007549949773,4.549999999999947,-5.780873894233201,11.214070163711344,4.518312340656769,0.0,0.0,0.05035849757579807,0.008803671552681505,0.0,0.05,0.010000000000000002
455,-9.82644015872511,11.56732316409945,4.559999999999947,-5.8062050778719305,11.08519147481175,4.521200427533551,0.0,0.0,0.131344529071513,0.002888086876781536,0.0,0.05,0.010000000000000002
456,-9.84162014457495,11.468482038905538,4.569999999999947,-5.826336717947673,10.981180283169568,4.538879401570678,0.0,0.0,0.10594154482055691,0.017678974037126965,0.0,0.05,0.010000000000000002
457,-9.855810976653324,11.369494058398189,4.579999999999947,-5.8478277462355255,10.858564991512555,4.547899790430993,0.0,0.0,0.12448443294245085,0.009020388860314874,0.0,0.05,0.010000000000000002
458,-9.869011235888847,11.270369121292964,4.589999999999947,-5.863979009454257,10.761261738937343,4.5375267578725476,0.0,0.0,0.09863460987542041,-0.010373032558445414,0.0,0.05,0.010000000000000002
459,-9.881219602266595,11.171117140000968,4.599999999999946,-5.8801642981886495,10.66964682928376,4.52789599198011,0.0,0.0,0.0930336242562326,-0.009630765892437894,0.0,0.05,0.010000000000000002
460,-9.892434854960106,11.071748039637622,4.609999999999946,-5.891566400734009,10.608547265785054,4.556952258624221,0.0,0.0,0.06215436108743586,0.029056266644110748,0.0,0.05,0.010000000000000002
461,-9.902655872453456,10.972271757030155,4.619999999999946,-5.898685415960035,10.563116627385183,4.582897537976676,0.0,0.0,0.04598503325222575,0.025945279352454637,0.0,0.05,0.010000000000000002
462,-9.911881632653413,10.872698239723931,4.629999999999946,-5.916104158177491,10.429352777555875,4.5653749979185685,0.0,0.0,0.13489321740397456,-0.017522540058106776,0.0,0.05,0.010000000000000002
463,-9.920111212991644,10.773037444987702,4.6399999999999455,-5.925392643315436,10.366627649799304,4.577739478356767,0.0,0.0,0.06340912874528434,0.012364480438198806,0.0,0.05,0.010000000000000002
464,-9.927343790516975,10.673299338817893,4.649999999999945,-5.931471504346887,10.321755007228544,4.5862647731213,0.0,0.0,0.04528251983627705,0.008525294764533236,0.0,0.05,0.010000000000000002
465,-9.933578641977679,10.573493894942006,4.659999999999945,-5.947404415657336,10.196098413290695,4.595808046809013,0.0,0.0,0.12666269088760107,0.009543273687711974,0.0,0.05,0.010000000000000002
466,-9.938815143893807,10.473631093821256,4.669999999999945,-5.951203653738493,10.163657340893632,4.624029251349084,0.0,0.0,0.03266278292290551,0.028221204540071182,0.0,0.05,0.010000000000000002
467,-9.94305277261953,10.373720921652538,4.679999999999945,-5.959599886180683,10.068881472747085,4.639744035248964,0.0,0.0,0.09514705409078628,0.015714783899880107,0.0,0.05,0.010000000000000002
468,-9.94629110439551,10.27377336936981,4.689999999999944,-5.966129342770921,9.979157864394617,4.638878727181407,0.0,0.0,0.08996087871486688,-0.0008653080675571801,0.0,0.05,0.010000000000000002
469,-9.948529815391263,10.173798431645011,4.699999999999944,-5.968661694706565,9.944770975813906,4.650152019241779,0.0,0.0,0.03448000743312161,0.011273292060372642,0.0,0.05,0.010000000000000002
470,-9.949768681737558,10.0738061058886,4.709999999999944,-5.9776797768515095,9.80005897016625,4.648741789384508,0.0,0.0,0.14499272528006463,-0.0014102298572705911,0.0,0.05,0.010000000000000002
471,-9.95000757954879,9.973806391249829,4.719999999999944,-5.983880307355737,9.702770222079264,4.65881609200175,0.0,0.0,0.0974861379010708,0.010074302617241841,0.0,0.05,0.010000000000000002
472,-9.949246484935381,9.873809287616826,4.729999999999944,-5.9881560548454695,9.623034813121594,4.680264309877526,0.0,0.0,0.07984996842981835,0.021448217875775836,0.0,0.05,0.010000000000000002
473,-9.947485474006156,9.773824794616626,4.739999999999943,-5.992026274193807,9.502601269450935,4.711043286084001,0.0,0.0,0.12049571377802915,0.030778976206475656,0.0,0.05,0.010000000000000002
474,-9.944724722860741,9.673862910615208,4.749999999999943,-5.99222053835247,9.358241557665592,4.727793316005334,0.0,0.0,0.14435984249544834,0.016750029921333037,0.0,0.05,0.010000000000000002
475,-9.940964507571948,9.57393363171767,4.759999999999943,-5.991039940729902,9.28160701350694,4.74110629354669,0.0,0.0,0.07664363749947237,0.013312977541356597,0.0,0.05,0.010000000000000002
476,-9.936205204158176,9.47404695076863,4.769999999999943,-5.9881999382365825,9.182739068140064,4.7485868629517505,0.0,0.0,0.09890872679005523,0.007480569405059714,0.0,0.05,0.010000000000000002
477,-9.930447288545796,9.37421285635294,4.7799999999999425,-5.987324095624772,9.158553674373085,4.750945294485067,0.0,0.0,0.024201247322080822,0.0023584315333168406,0.0,0.05,0.010000000000000002
478,-9.923691336521575,9.27444133179685,4.789999999999942,-5.983091781994337,9.048838410251145,4.75616553328406,0.0,0.0,0.10979686543801473,0.005220238798992284,0.0,0.05,0.010000000000000002
479,-9.915938023675082,9.174742354169673,4.799999999999942,-5.976947030105866,8.908561806906349,4.775081320145692,-9.882319693843005,9.076644300042572,0.1404111228561484,0.0189157868616322,0.1,0.05,0.010000000000000002
480,-9.907188125331142,9.075125893286089,4.809999999999942,-5.96867220187354,8.776743717352417,4.7788976545916295,0.0,0.0,0.1320775587142746,0.003816334445937191,0.0,0.05,0.010000000000000002
481,-9.8974425164723,8.975601910709171,4.819999999999942,-5.958019092543494,8.616803722232328,4.798215857467558,0.0,0.0,0.160294387853762,0.019318202875929082,0.0,0.05,0.010000000000000002
482,-9.886702171651317,8.876180358754244,4.8299999999999415,-5.947062950974599,8.489463350345783,4.794644405262727,0.0,0.0,0.12781082642046018,-0.0035714522048308026,0.0,0.05,0.010000000000000002
483,-9.874968164893728,8.77687117949365,4.839999999999941,-5.940718262386523,8.412503407015938,4.821995758161288,0.0,0.0,0.07722103308433914,0.02735135289856022,0.0,0.05,0.010000000000000002
484,-9.862241669590428,8.677684303762558,4.849999999999941,-5.9249684518905,8.269385532728817,4.843863268750774,0.0,0.0,0.14398188244055096,0.02186751058948615,0.0,0.05,0.010000000000000002
485,-9.848523958380344,8.578629650165885,4.859999999999941,-5.909467340204773,8.152163420164902,4.87633704852608,0.0,0.0,0.11824258174380607,0.03247377977530565,0.0,0.05,0.010000000000000002
486,-9.833816403023164,8.479717124086447,4.869999999999941,-5.896001027434426,8.070762994840376,4.877315576028534,0.0,0.0,0.08250679258486816,0.0009785275024531733,0.0,0.05,0.010000000000000002
487,-9.818120474262168,8.380956616694425,4.87999999999994,-5.880987824955468,7.980560251496172,4.868845638642523,0.0,0.0,0.09144359548647707,-0.008469937386010823,0.0,0.05,0.010000000000000002
488,-9.801437741677152,8.282358003958256,4.88999999999994,-5.847679541021956,7.769408749635214,4.892394140601659,0.0,0.0,0.213762481546069,0.02354850195913568,0.0,0.05,0.010000000000000002
489,-9.783769873527472,8.18393114565705,4.89999999999994,-5.845558202488711,7.757751433170142,4.89764861108642,0.0,0.0,0.011848759611851813,0.005254470484761337,0.0,0.05,0.010000000000000002
490,-9.765118636585221,8.085685884394616,4.90999999999994,-5.818917805761755,7.615600005958834,4.913044400499414,0.0,0.0,0.14462620438904403,0.015395789412994257,0.0,0.05,0.010000000000000002
491,-9.745485895958549,7.987632044615208,4.9199999999999395,-5.797358989205297,7.509603871214152,4.9260499445881045,0.0,0.0,0.10816636793443586,0.013005544088690278,0.0,0.05,0.010000000000000002
492,-9.724873614905158,7.8897794316210925,4.929999999999939,-5.784233459407481,7.449109956901428,4.932978482457923,0.0,0.0,0.061901479799343254,0.006928537869818345,0.0,0.05,0.010000000000000002
493,-9.703283854635979,7.792137830592027,4.939999999999939,-5.779674493917493,7.428779077853782,4.9373127229151486,0.0,0.0,0.020835757946111325,0.004334240457226165,0.0,0.05,0.010000000000000002
494,-9.680718774109046,7.694717005606744,4.949999999999939,-5.765763429685082,7.367977674989546,4.9561462831160465,0.0,0.0,0.06237249632921025,0.018833560200898006,0.0,0.05,0.010000000000000002
495,-9.657180629813606,7.59752669866656,4.959999999999939,-5.729637393171649,7.222719756576029,4.956499193131665,0.0,0.0,0.14968284262398832,0.0003529100156186599,0.0,0.05,0.010000000000000002
496,-9.632671775544475,7.500576628721178,4.9699999999999385,-5.69144858152185,7.069398737959158,4.984512654845326,0.0,0.0,0.15800544321300636,0.028013461713660273,0.0,0.05,0.010000000000000002
497,-9.607194662166657,7.4038764906968,4.979999999999938,-5.67873790873966,7.023848251944203,4.990528121682958,0.0,0.0,0.047290675389282444,0.006015466837631861,0.0,0.05,0.010000000000000002
498,-9.580751837370258,7.307435954526645,4.989999999999938,-5.663537029045251,6.97061282470268,5.00809317513259,0.0,0.0,0.055363141683537204,0.01756505344963201,0.0,0.05,0.010000000000000002
499,-9.553345945415721,7.211264664183964,4.999999999999938,-5.609835674571095,6.794332198579685,5.01208994654414,0.0,0.0,0.18427885016646442,0.003996771411550228,0.0,0.05,0.010000000000000002
